machine_id,timestamp,temperature_c,vibration_mm_s,pressure_psi
M001,2026-06-01 00:00:00,61.99,2.88,79.84
M001,2026-06-01 06:00:00,61.74,2.45,77.93
M001,2026-06-01 12:00:00,63.7,3.15,79.16
M001,2026-06-01 18:00:00,62.55,2.32,79.04
M001,2026-06-02 00:00:00,60.92,3.14,81.23
M001,2026-06-02 06:00:00,59.03,2.03,77.13
M001,2026-06-02 12:00:00,62.16,2.78,82.5
M001,2026-06-02 18:00:00,58.14,2.85,80.33
M001,2026-06-03 00:00:00,62.78,2.88,87.27
M001,2026-06-03 06:00:00,63.98,2.71,81.51
M001,2026-06-03 12:00:00,59.93,2.37,74.62
M001,2026-06-03 18:00:00,59.1,2.87,77.53
M001,2026-06-04 00:00:00,62.8,3.08,80.88
M001,2026-06-04 06:00:00,63.04,2.42,79.91
M001,2026-06-04 12:00:00,64.79,2.35,83.09
M001,2026-06-04 18:00:00,65.3,2.82,75.19
M001,2026-06-05 00:00:00,62.52,2.66,81.64
M001,2026-06-05 06:00:00,63.34,2.45,77.7
M001,2026-06-05 12:00:00,61.56,2.4,80.69
M001,2026-06-05 18:00:00,61.64,3.48,77.16
M001,2026-06-06 00:00:00,60.31,2.82,82.85
M001,2026-06-06 06:00:00,66.45,3.18,82.7
M001,2026-06-06 12:00:00,62.46,2.96,78.4
M001,2026-06-06 18:00:00,61.25,2.25,79.54
M001,2026-06-07 00:00:00,63.82,2.63,77.9
M001,2026-06-07 06:00:00,61.17,2.91,79.45
M001,2026-06-07 12:00:00,63.59,2.3,77.61
M001,2026-06-07 18:00:00,60.88,2.3,89.05
M001,2026-06-08 00:00:00,59.72,2.97,78.21
M001,2026-06-08 06:00:00,60.88,2.79,75.84
M001,2026-06-08 12:00:00,60.58,2.65,77.67
M001,2026-06-08 18:00:00,60.26,3.02,83.23
M001,2026-06-09 00:00:00,61.04,2.67,83.92
M001,2026-06-09 06:00:00,59.07,2.8,86.13
M001,2026-06-09 12:00:00,65.85,2.12,77.92
M001,2026-06-09 18:00:00,62.26,2.3,78.2
M001,2026-06-10 00:00:00,61.66,3.12,80.06
M001,2026-06-10 06:00:00,62.37,2.86,81.83
M001,2026-06-10 12:00:00,61.99,2.34,82.57
M001,2026-06-10 18:00:00,62.8,2.37,78.15
M001,2026-06-11 00:00:00,63.73,2.89,78.03
M001,2026-06-11 06:00:00,61.41,2.66,82.04
M001,2026-06-11 12:00:00,64.45,2.73,83.7
M001,2026-06-11 18:00:00,63.7,2.77,75.86
M001,2026-06-12 00:00:00,59.91,2.93,75.05
M001,2026-06-12 06:00:00,62.21,3.01,80.64
M001,2026-06-12 12:00:00,60.77,2.45,82.63
M001,2026-06-12 18:00:00,62.91,2.62,83.38
M001,2026-06-13 00:00:00,63.69,3.25,81.88
M001,2026-06-13 06:00:00,61.65,2.67,74.37
M001,2026-06-13 12:00:00,62.28,2.71,76.19
M001,2026-06-13 18:00:00,61.93,3.11,77.97
M001,2026-06-14 00:00:00,60.08,3.05,82.07
M001,2026-06-14 06:00:00,68.12,2.32,82.33
M001,2026-06-14 12:00:00,62.63,2.73,82.9
M001,2026-06-14 18:00:00,61.94,2.13,77.63
M001,2026-06-15 00:00:00,64.74,3.07,79.04
M001,2026-06-15 06:00:00,63.02,3.55,80.07
M001,2026-06-15 12:00:00,61.99,2.77,81.98
M001,2026-06-15 18:00:00,61.32,2.9,74.33
M001,2026-06-16 00:00:00,62.7,2.74,79.5
M001,2026-06-16 06:00:00,61.08,2.54,77.71
M001,2026-06-16 12:00:00,57.39,2.64,83.44
M001,2026-06-16 18:00:00,61.36,2.91,76.91
M001,2026-06-17 00:00:00,59.43,2.5,77.07
M001,2026-06-17 06:00:00,59.68,2.86,85.48
M001,2026-06-17 12:00:00,60.71,2.22,82.12
M001,2026-06-17 18:00:00,59.17,2.37,81.63
M001,2026-06-18 00:00:00,61.73,2.52,80.34
M001,2026-06-18 06:00:00,61.24,3.29,78.11
M001,2026-06-18 12:00:00,60.23,2.59,78.9
M001,2026-06-18 18:00:00,63.25,2.13,81.42
M001,2026-06-19 00:00:00,60.99,2.96,79.99
M001,2026-06-19 06:00:00,63.11,2.61,81.44
M001,2026-06-19 12:00:00,65.4,2.51,79.81
M001,2026-06-19 18:00:00,61.1,3.21,78.83
M001,2026-06-20 00:00:00,60.62,2.56,79.72
M001,2026-06-20 06:00:00,60.5,2.62,80.59
M001,2026-06-20 12:00:00,61.86,2.98,79.16
M001,2026-06-20 18:00:00,61.68,2.81,86.86
M001,2026-06-21 00:00:00,60.53,3.31,76.56
M001,2026-06-21 06:00:00,62.56,2.63,77.67
M001,2026-06-21 12:00:00,63.5,2.92,78.67
M001,2026-06-21 18:00:00,57.92,2.61,80.53
M001,2026-06-22 00:00:00,62.12,2.97,85.91
M001,2026-06-22 06:00:00,62.95,2.91,80.55
M001,2026-06-22 12:00:00,64.46,2.9,82.36
M001,2026-06-22 18:00:00,65.74,2.81,79.29
M001,2026-06-23 00:00:00,63.03,3.08,81.6
M001,2026-06-23 06:00:00,64.25,2.54,77.5
M001,2026-06-23 12:00:00,61.04,2.36,80.43
M001,2026-06-23 18:00:00,61.27,3.11,76.23
M001,2026-06-24 00:00:00,65.26,2.45,76.38
M001,2026-06-24 06:00:00,60.5,3.33,79.97
M001,2026-06-24 12:00:00,63.21,2.69,79.82
M001,2026-06-24 18:00:00,61.14,2.76,81.58
M001,2026-06-25 00:00:00,65.52,2.19,84.92
M001,2026-06-25 06:00:00,63.22,2.64,78.44
M001,2026-06-25 12:00:00,64.25,2.82,75.48
M001,2026-06-25 18:00:00,62.89,3.09,82.66
M001,2026-06-26 00:00:00,60.92,2.35,79.1
M001,2026-06-26 06:00:00,68.69,2.29,77.55
M001,2026-06-26 12:00:00,62.96,2.71,79.48
M001,2026-06-26 18:00:00,66.23,2.49,80.03
M001,2026-06-27 00:00:00,62.6,2.51,75.75
M001,2026-06-27 06:00:00,62.73,3.3,81.28
M001,2026-06-27 12:00:00,62.37,2.78,79.3
M001,2026-06-27 18:00:00,64.56,2.6,76.0
M001,2026-06-28 00:00:00,59.04,2.78,83.24
M001,2026-06-28 06:00:00,62.68,2.66,81.44
M001,2026-06-28 12:00:00,62.58,3.0,84.04
M001,2026-06-28 18:00:00,60.3,2.05,79.01
M001,2026-06-29 00:00:00,60.18,3.01,77.88
M001,2026-06-29 06:00:00,58.47,2.59,75.58
M001,2026-06-29 12:00:00,65.4,2.9,82.0
M001,2026-06-29 18:00:00,63.3,3.01,83.46
M001,2026-06-30 00:00:00,61.16,2.34,77.51
M001,2026-06-30 06:00:00,62.15,1.99,83.48
M001,2026-06-30 12:00:00,58.44,2.94,79.54
M001,2026-06-30 18:00:00,62.81,2.62,80.7
M001,2026-07-01 00:00:00,61.31,2.6,77.35
M001,2026-07-01 06:00:00,65.3,2.88,80.67
M001,2026-07-01 12:00:00,60.5,2.7,77.08
M001,2026-07-01 18:00:00,61.27,2.4,84.81
M001,2026-07-02 00:00:00,60.75,2.51,76.06
M001,2026-07-02 06:00:00,60.73,2.62,79.88
M001,2026-07-02 12:00:00,60.98,2.29,75.49
M001,2026-07-02 18:00:00,63.63,2.73,81.98
M001,2026-07-03 00:00:00,63.84,2.82,76.33
M001,2026-07-03 06:00:00,62.66,3.19,78.68
M001,2026-07-03 12:00:00,62.96,2.77,84.14
M001,2026-07-03 18:00:00,60.93,3.12,78.9
M001,2026-07-04 00:00:00,60.91,2.81,81.05
M001,2026-07-04 06:00:00,66.12,2.87,80.6
M001,2026-07-04 12:00:00,65.49,2.96,78.08
M001,2026-07-04 18:00:00,65.01,2.55,78.07
M001,2026-07-05 00:00:00,60.62,2.5,81.01
M001,2026-07-05 06:00:00,61.8,1.73,79.21
M001,2026-07-05 12:00:00,61.28,3.05,78.32
M001,2026-07-05 18:00:00,67.39,3.2,78.84
M001,2026-07-06 00:00:00,64.63,2.94,80.7
M001,2026-07-06 06:00:00,63.93,2.8,80.72
M001,2026-07-06 12:00:00,63.97,3.4,80.76
M001,2026-07-06 18:00:00,61.42,2.17,85.89
M001,2026-07-07 00:00:00,61.82,2.94,85.71
M001,2026-07-07 06:00:00,62.8,2.73,84.25
M001,2026-07-07 12:00:00,63.26,2.96,75.43
M001,2026-07-07 18:00:00,64.75,2.9,75.88
M001,2026-07-08 00:00:00,63.33,2.17,87.01
M001,2026-07-08 06:00:00,60.15,3.27,77.55
M001,2026-07-08 12:00:00,63.48,2.51,82.98
M001,2026-07-08 18:00:00,61.89,2.93,80.03
M001,2026-07-09 00:00:00,59.64,2.94,78.47
M001,2026-07-09 06:00:00,64.46,2.72,79.75
M001,2026-07-09 12:00:00,65.74,3.5,82.34
M001,2026-07-09 18:00:00,61.8,2.68,77.52
M001,2026-07-10 00:00:00,61.14,2.71,85.87
M001,2026-07-10 06:00:00,61.99,2.42,80.1
M001,2026-07-10 12:00:00,62.74,2.8,82.37
M001,2026-07-10 18:00:00,62.53,3.02,77.63
M001,2026-07-11 00:00:00,65.96,2.87,81.17
M001,2026-07-11 06:00:00,60.83,2.94,81.92
M001,2026-07-11 12:00:00,60.06,2.3,80.85
M001,2026-07-11 18:00:00,61.43,2.87,76.09
M001,2026-07-12 00:00:00,59.3,2.86,78.91
M001,2026-07-12 06:00:00,58.2,3.2,76.03
M001,2026-07-12 12:00:00,67.56,2.61,81.16
M001,2026-07-12 18:00:00,65.71,3.24,85.92
M001,2026-07-13 00:00:00,59.39,2.46,80.63
M001,2026-07-13 06:00:00,64.11,2.8,75.04
M001,2026-07-13 12:00:00,63.43,2.74,79.33
M001,2026-07-13 18:00:00,57.88,3.04,80.39
M001,2026-07-14 00:00:00,66.04,2.78,81.64
M001,2026-07-14 06:00:00,64.11,2.28,87.79
M001,2026-07-14 12:00:00,61.59,2.95,81.86
M001,2026-07-14 18:00:00,60.82,3.36,80.74
M001,2026-07-15 00:00:00,62.04,2.85,82.23
M001,2026-07-15 06:00:00,62.48,3.07,74.88
M001,2026-07-15 12:00:00,60.97,2.17,85.93
M001,2026-07-15 18:00:00,66.43,3.0,76.9
M001,2026-07-16 00:00:00,67.26,2.63,79.29
M001,2026-07-16 06:00:00,62.8,2.95,81.86
M001,2026-07-16 12:00:00,63.85,2.77,81.93
M001,2026-07-16 18:00:00,62.1,2.98,81.42
M001,2026-07-17 00:00:00,64.02,3.01,78.59
M001,2026-07-17 06:00:00,63.41,3.01,76.05
M001,2026-07-17 12:00:00,61.94,3.0,85.05
M001,2026-07-17 18:00:00,64.14,3.35,78.73
M001,2026-07-18 00:00:00,63.01,3.06,72.93
M001,2026-07-18 06:00:00,65.53,2.26,82.9
M001,2026-07-18 12:00:00,63.88,2.11,73.05
M001,2026-07-18 18:00:00,65.37,3.18,77.27
M001,2026-07-19 00:00:00,60.76,2.97,79.87
M001,2026-07-19 06:00:00,64.63,2.96,84.65
M001,2026-07-19 12:00:00,64.46,3.04,78.85
M001,2026-07-19 18:00:00,61.67,2.8,85.43
M001,2026-07-20 00:00:00,61.73,2.9,73.16
M001,2026-07-20 06:00:00,63.89,3.5,77.1
M001,2026-07-20 12:00:00,68.89,2.88,72.18
M001,2026-07-20 18:00:00,61.77,3.22,85.9
M001,2026-07-21 00:00:00,63.99,3.3,76.36
M001,2026-07-21 06:00:00,61.19,2.32,78.08
M001,2026-07-21 12:00:00,64.08,2.89,82.49
M001,2026-07-21 18:00:00,60.68,2.56,80.5
M001,2026-07-22 00:00:00,61.36,3.22,78.0
M001,2026-07-22 06:00:00,61.58,2.95,78.71
M001,2026-07-22 12:00:00,60.1,2.5,81.5
M001,2026-07-22 18:00:00,59.85,3.25,77.81
M001,2026-07-23 00:00:00,63.82,2.64,77.13
M001,2026-07-23 06:00:00,63.08,3.15,79.13
M001,2026-07-23 12:00:00,62.45,3.07,82.4
M001,2026-07-23 18:00:00,62.51,2.7,80.12
M001,2026-07-24 00:00:00,62.22,2.93,76.28
M001,2026-07-24 06:00:00,63.15,2.62,82.59
M001,2026-07-24 12:00:00,61.25,2.64,81.2
M001,2026-07-24 18:00:00,62.63,3.52,74.98
M001,2026-07-25 00:00:00,62.83,3.18,78.13
M001,2026-07-25 06:00:00,60.79,2.58,75.02
M001,2026-07-25 12:00:00,65.31,2.74,78.52
M001,2026-07-25 18:00:00,58.36,2.41,84.26
M001,2026-07-26 00:00:00,63.23,3.19,82.97
M001,2026-07-26 06:00:00,60.63,3.57,85.7
M001,2026-07-26 12:00:00,61.5,1.77,78.78
M001,2026-07-26 18:00:00,63.1,2.67,79.19
M001,2026-07-27 00:00:00,60.99,3.12,80.04
M001,2026-07-27 06:00:00,64.55,3.21,73.32
M001,2026-07-27 12:00:00,61.1,2.66,87.56
M001,2026-07-27 18:00:00,62.94,3.09,74.2
M001,2026-07-28 00:00:00,62.94,3.14,82.42
M001,2026-07-28 06:00:00,63.9,2.85,80.02
M001,2026-07-28 12:00:00,59.27,2.58,80.53
M001,2026-07-28 18:00:00,61.23,3.05,81.24
M001,2026-07-29 00:00:00,65.41,3.14,80.51
M001,2026-07-29 06:00:00,64.17,3.15,78.31
M001,2026-07-29 12:00:00,62.01,2.82,78.4
M001,2026-07-29 18:00:00,64.7,2.66,83.59
M001,2026-07-30 00:00:00,61.95,2.99,80.32
M001,2026-07-30 06:00:00,60.74,2.85,80.82
M001,2026-07-30 12:00:00,62.56,2.45,84.93
M001,2026-07-30 18:00:00,62.86,2.61,84.69
M002,2026-06-01 00:00:00,59.39,3.31,88.8
M002,2026-06-01 06:00:00,59.8,2.97,92.51
M002,2026-06-01 12:00:00,56.88,2.76,93.87
M002,2026-06-01 18:00:00,57.14,2.7,85.71
M002,2026-06-02 00:00:00,55.38,3.22,88.13
M002,2026-06-02 06:00:00,61.79,3.33,89.2
M002,2026-06-02 12:00:00,60.0,2.82,82.86
M002,2026-06-02 18:00:00,55.22,3.01,87.76
M002,2026-06-03 00:00:00,58.86,2.94,90.66
M002,2026-06-03 06:00:00,60.21,2.94,90.08
M002,2026-06-03 12:00:00,53.7,2.94,84.72
M002,2026-06-03 18:00:00,57.5,3.04,89.12
M002,2026-06-04 00:00:00,56.26,3.67,84.61
M002,2026-06-04 06:00:00,54.57,3.47,86.3
M002,2026-06-04 12:00:00,55.34,3.67,91.37
M002,2026-06-04 18:00:00,56.04,3.04,94.25
M002,2026-06-05 00:00:00,58.62,3.37,90.82
M002,2026-06-05 06:00:00,59.1,2.99,88.44
M002,2026-06-05 12:00:00,57.77,3.2,87.55
M002,2026-06-05 18:00:00,57.48,2.89,88.75
M002,2026-06-06 00:00:00,54.75,3.76,86.2
M002,2026-06-06 06:00:00,56.53,2.74,90.24
M002,2026-06-06 12:00:00,56.86,2.69,90.37
M002,2026-06-06 18:00:00,58.84,2.96,86.41
M002,2026-06-07 00:00:00,61.65,3.09,84.57
M002,2026-06-07 06:00:00,60.1,2.73,96.61
M002,2026-06-07 12:00:00,57.43,3.29,82.15
M002,2026-06-07 18:00:00,54.7,3.39,89.34
M002,2026-06-08 00:00:00,61.37,3.13,88.82
M002,2026-06-08 06:00:00,60.71,3.29,87.79
M002,2026-06-08 12:00:00,55.1,2.28,87.07
M002,2026-06-08 18:00:00,54.91,3.77,86.43
M002,2026-06-09 00:00:00,55.94,2.54,87.58
M002,2026-06-09 06:00:00,55.97,3.51,88.88
M002,2026-06-09 12:00:00,57.28,2.95,90.73
M002,2026-06-09 18:00:00,56.4,3.19,93.22
M002,2026-06-10 00:00:00,58.24,2.92,85.51
M002,2026-06-10 06:00:00,56.76,3.16,83.77
M002,2026-06-10 12:00:00,58.98,3.06,87.92
M002,2026-06-10 18:00:00,56.0,2.85,90.16
M002,2026-06-11 00:00:00,57.07,2.85,89.76
M002,2026-06-11 06:00:00,58.35,2.62,90.07
M002,2026-06-11 12:00:00,62.33,3.14,83.26
M002,2026-06-11 18:00:00,57.68,2.45,97.86
M002,2026-06-12 00:00:00,61.82,2.8,81.61
M002,2026-06-12 06:00:00,55.59,2.95,83.07
M002,2026-06-12 12:00:00,57.21,2.94,88.73
M002,2026-06-12 18:00:00,57.8,2.71,85.79
M002,2026-06-13 00:00:00,57.45,2.81,91.07
M002,2026-06-13 06:00:00,57.43,3.56,90.81
M002,2026-06-13 12:00:00,59.57,3.04,88.82
M002,2026-06-13 18:00:00,60.82,2.89,89.98
M002,2026-06-14 00:00:00,56.84,2.93,84.83
M002,2026-06-14 06:00:00,55.89,2.73,90.12
M002,2026-06-14 12:00:00,59.46,2.98,89.03
M002,2026-06-14 18:00:00,57.07,2.76,90.92
M002,2026-06-15 00:00:00,58.7,2.44,87.48
M002,2026-06-15 06:00:00,55.63,2.89,86.32
M002,2026-06-15 12:00:00,57.3,2.91,87.28
M002,2026-06-15 18:00:00,59.61,3.18,86.22
M002,2026-06-16 00:00:00,56.29,3.16,89.79
M002,2026-06-16 06:00:00,56.2,2.94,93.86
M002,2026-06-16 12:00:00,56.23,3.59,91.63
M002,2026-06-16 18:00:00,60.86,2.82,87.82
M002,2026-06-17 00:00:00,56.52,3.35,86.61
M002,2026-06-17 06:00:00,58.88,3.22,88.17
M002,2026-06-17 12:00:00,60.02,3.05,90.82
M002,2026-06-17 18:00:00,56.43,2.8,90.51
M002,2026-06-18 00:00:00,58.3,3.09,87.28
M002,2026-06-18 06:00:00,60.53,2.68,84.79
M002,2026-06-18 12:00:00,59.32,3.28,89.37
M002,2026-06-18 18:00:00,56.86,3.17,93.47
M002,2026-06-19 00:00:00,62.48,2.52,87.04
M002,2026-06-19 06:00:00,56.49,3.51,80.86
M002,2026-06-19 12:00:00,58.48,2.94,93.21
M002,2026-06-19 18:00:00,60.45,3.13,83.56
M002,2026-06-20 00:00:00,56.32,2.89,84.31
M002,2026-06-20 06:00:00,59.77,2.59,94.19
M002,2026-06-20 12:00:00,61.39,2.91,89.28
M002,2026-06-20 18:00:00,57.32,3.3,92.12
M002,2026-06-21 00:00:00,58.0,3.17,86.42
M002,2026-06-21 06:00:00,58.35,3.08,85.55
M002,2026-06-21 12:00:00,57.45,2.91,86.46
M002,2026-06-21 18:00:00,55.19,3.05,85.94
M002,2026-06-22 00:00:00,56.55,3.35,90.17
M002,2026-06-22 06:00:00,55.54,3.14,88.67
M002,2026-06-22 12:00:00,60.9,3.45,83.68
M002,2026-06-22 18:00:00,59.22,3.41,89.95
M002,2026-06-23 00:00:00,56.84,3.76,90.22
M002,2026-06-23 06:00:00,61.46,3.44,89.66
M002,2026-06-23 12:00:00,56.35,3.03,87.6
M002,2026-06-23 18:00:00,55.08,3.23,92.97
M002,2026-06-24 00:00:00,56.93,3.69,83.59
M002,2026-06-24 06:00:00,59.63,3.54,87.65
M002,2026-06-24 12:00:00,57.15,3.35,89.78
M002,2026-06-24 18:00:00,53.53,2.78,88.22
M002,2026-06-25 00:00:00,54.8,2.9,84.22
M002,2026-06-25 06:00:00,56.8,2.94,89.31
M002,2026-06-25 12:00:00,57.36,3.19,89.4
M002,2026-06-25 18:00:00,59.6,3.3,90.56
M002,2026-06-26 00:00:00,63.76,3.15,96.03
M002,2026-06-26 06:00:00,58.38,3.02,87.13
M002,2026-06-26 12:00:00,60.57,3.53,90.05
M002,2026-06-26 18:00:00,59.82,2.66,83.6
M002,2026-06-27 00:00:00,60.06,3.01,90.49
M002,2026-06-27 06:00:00,56.14,3.54,83.62
M002,2026-06-27 12:00:00,54.8,3.48,80.41
M002,2026-06-27 18:00:00,58.33,3.01,86.03
M002,2026-06-28 00:00:00,57.19,2.79,92.86
M002,2026-06-28 06:00:00,61.19,2.84,89.06
M002,2026-06-28 12:00:00,54.94,3.37,91.37
M002,2026-06-28 18:00:00,56.99,3.05,87.95
M002,2026-06-29 00:00:00,54.36,3.52,85.92
M002,2026-06-29 06:00:00,56.08,3.01,91.21
M002,2026-06-29 12:00:00,56.42,2.47,85.56
M002,2026-06-29 18:00:00,58.45,3.71,84.44
M002,2026-06-30 00:00:00,55.02,2.6,83.31
M002,2026-06-30 06:00:00,60.03,3.5,88.75
M002,2026-06-30 12:00:00,56.68,3.59,88.74
M002,2026-06-30 18:00:00,59.79,2.9,88.35
M002,2026-07-01 00:00:00,55.16,3.25,88.78
M002,2026-07-01 06:00:00,55.84,2.79,93.06
M002,2026-07-01 12:00:00,61.57,2.99,88.41
M002,2026-07-01 18:00:00,58.43,3.1,83.19
M002,2026-07-02 00:00:00,58.5,2.43,86.0
M002,2026-07-02 06:00:00,58.66,3.24,85.77
M002,2026-07-02 12:00:00,56.73,2.88,87.89
M002,2026-07-02 18:00:00,57.59,3.26,86.65
M002,2026-07-03 00:00:00,58.41,3.22,88.79
M002,2026-07-03 06:00:00,57.14,3.12,90.45
M002,2026-07-03 12:00:00,59.34,3.61,85.22
M002,2026-07-03 18:00:00,56.78,2.58,90.99
M002,2026-07-04 00:00:00,57.01,3.13,86.37
M002,2026-07-04 06:00:00,57.02,3.43,90.27
M002,2026-07-04 12:00:00,57.45,3.3,90.56
M002,2026-07-04 18:00:00,56.89,2.63,85.49
M002,2026-07-05 00:00:00,55.01,3.42,92.19
M002,2026-07-05 06:00:00,60.86,2.46,91.39
M002,2026-07-05 12:00:00,62.11,3.4,81.73
M002,2026-07-05 18:00:00,61.23,3.08,87.48
M002,2026-07-06 00:00:00,58.61,2.76,88.18
M002,2026-07-06 06:00:00,60.95,3.26,88.35
M002,2026-07-06 12:00:00,57.88,2.72,87.72
M002,2026-07-06 18:00:00,54.44,3.38,81.61
M002,2026-07-07 00:00:00,59.43,3.37,92.12
M002,2026-07-07 06:00:00,57.89,3.35,87.68
M002,2026-07-07 12:00:00,55.35,3.53,87.87
M002,2026-07-07 18:00:00,54.9,2.94,86.88
M002,2026-07-08 00:00:00,58.66,3.78,89.72
M002,2026-07-08 06:00:00,58.15,3.82,91.09
M002,2026-07-08 12:00:00,58.24,2.93,89.11
M002,2026-07-08 18:00:00,57.6,3.11,92.1
M002,2026-07-09 00:00:00,56.67,3.24,91.0
M002,2026-07-09 06:00:00,56.43,2.83,87.7
M002,2026-07-09 12:00:00,56.83,3.43,85.14
M002,2026-07-09 18:00:00,57.89,3.85,89.39
M002,2026-07-10 00:00:00,58.92,3.43,86.75
M002,2026-07-10 06:00:00,55.6,3.14,88.94
M002,2026-07-10 12:00:00,54.53,3.2,91.35
M002,2026-07-10 18:00:00,55.94,3.22,90.82
M002,2026-07-11 00:00:00,58.95,3.29,87.4
M002,2026-07-11 06:00:00,55.53,2.95,86.38
M002,2026-07-11 12:00:00,57.62,3.42,84.2
M002,2026-07-11 18:00:00,58.07,2.77,85.91
M002,2026-07-12 00:00:00,58.91,2.73,90.33
M002,2026-07-12 06:00:00,55.09,3.29,83.48
M002,2026-07-12 12:00:00,56.56,3.66,93.25
M002,2026-07-12 18:00:00,56.97,3.21,91.74
M002,2026-07-13 00:00:00,59.17,3.01,85.87
M002,2026-07-13 06:00:00,59.55,3.43,93.27
M002,2026-07-13 12:00:00,54.44,2.72,91.6
M002,2026-07-13 18:00:00,54.71,3.47,87.47
M002,2026-07-14 00:00:00,56.78,3.16,84.08
M002,2026-07-14 06:00:00,59.47,3.6,90.72
M002,2026-07-14 12:00:00,57.33,2.64,83.61
M002,2026-07-14 18:00:00,55.17,3.09,88.45
M002,2026-07-15 00:00:00,59.58,2.56,92.04
M002,2026-07-15 06:00:00,59.23,3.0,84.53
M002,2026-07-15 12:00:00,60.34,3.01,88.04
M002,2026-07-15 18:00:00,58.61,2.83,87.26
M002,2026-07-16 00:00:00,59.59,3.33,90.42
M002,2026-07-16 06:00:00,55.54,3.03,86.91
M002,2026-07-16 12:00:00,58.71,3.2,88.56
M002,2026-07-16 18:00:00,62.79,3.02,86.87
M002,2026-07-17 00:00:00,55.56,2.64,84.43
M002,2026-07-17 06:00:00,56.43,3.5,88.21
M002,2026-07-17 12:00:00,58.26,3.08,89.18
M002,2026-07-17 18:00:00,60.67,2.51,91.74
M002,2026-07-18 00:00:00,52.86,3.12,94.66
M002,2026-07-18 06:00:00,59.25,3.22,94.09
M002,2026-07-18 12:00:00,56.48,3.24,89.82
M002,2026-07-18 18:00:00,56.84,2.98,86.45
M002,2026-07-19 00:00:00,58.07,3.28,88.44
M002,2026-07-19 06:00:00,59.32,2.52,87.42
M002,2026-07-19 12:00:00,55.85,3.2,88.93
M002,2026-07-19 18:00:00,57.67,3.26,91.07
M002,2026-07-20 00:00:00,57.79,2.8,83.32
M002,2026-07-20 06:00:00,57.99,3.19,85.16
M002,2026-07-20 12:00:00,59.37,2.98,83.1
M002,2026-07-20 18:00:00,60.43,3.46,82.02
M002,2026-07-21 00:00:00,56.81,2.94,92.98
M002,2026-07-21 06:00:00,57.73,2.67,90.71
M002,2026-07-21 12:00:00,55.47,3.04,85.75
M002,2026-07-21 18:00:00,56.81,3.4,92.62
M002,2026-07-22 00:00:00,55.4,3.31,85.85
M002,2026-07-22 06:00:00,56.54,3.27,84.97
M002,2026-07-22 12:00:00,58.89,3.34,86.75
M002,2026-07-22 18:00:00,60.6,2.74,92.09
M002,2026-07-23 00:00:00,54.07,3.93,86.83
M002,2026-07-23 06:00:00,55.64,3.05,84.9
M002,2026-07-23 12:00:00,58.73,3.53,85.06
M002,2026-07-23 18:00:00,59.12,2.66,91.14
M002,2026-07-24 00:00:00,58.81,3.45,87.67
M002,2026-07-24 06:00:00,57.1,3.37,84.11
M002,2026-07-24 12:00:00,54.49,3.13,86.87
M002,2026-07-24 18:00:00,59.08,3.45,89.64
M002,2026-07-25 00:00:00,60.01,3.23,89.51
M002,2026-07-25 06:00:00,57.76,3.27,88.53
M002,2026-07-25 12:00:00,58.64,3.08,90.46
M002,2026-07-25 18:00:00,56.57,3.12,91.96
M002,2026-07-26 00:00:00,56.11,2.48,89.12
M002,2026-07-26 06:00:00,57.49,3.44,87.63
M002,2026-07-26 12:00:00,56.8,3.11,91.3
M002,2026-07-26 18:00:00,59.16,2.4,88.58
M002,2026-07-27 00:00:00,58.49,3.13,86.18
M002,2026-07-27 06:00:00,60.41,3.51,81.4
M002,2026-07-27 12:00:00,56.42,3.09,90.86
M002,2026-07-27 18:00:00,58.09,2.93,90.14
M002,2026-07-28 00:00:00,57.61,3.1,87.93
M002,2026-07-28 06:00:00,59.18,3.05,90.07
M002,2026-07-28 12:00:00,57.89,2.82,87.9
M002,2026-07-28 18:00:00,56.0,3.15,90.5
M002,2026-07-29 00:00:00,55.9,3.25,85.51
M002,2026-07-29 06:00:00,58.45,3.4,81.61
M002,2026-07-29 12:00:00,55.82,3.03,88.94
M002,2026-07-29 18:00:00,57.72,3.13,94.13
M002,2026-07-30 00:00:00,55.64,3.49,86.94
M002,2026-07-30 06:00:00,59.16,3.78,90.06
M002,2026-07-30 12:00:00,58.81,3.62,91.37
M002,2026-07-30 18:00:00,56.47,3.23,82.84
M003,2026-06-01 00:00:00,59.89,2.15,90.78
M003,2026-06-01 06:00:00,58.73,2.4,96.26
M003,2026-06-01 12:00:00,60.56,2.24,96.71
M003,2026-06-01 18:00:00,62.69,1.8,93.01
M003,2026-06-02 00:00:00,64.98,2.25,95.3
M003,2026-06-02 06:00:00,63.01,1.91,91.82
M003,2026-06-02 12:00:00,63.0,2.42,96.98
M003,2026-06-02 18:00:00,60.61,2.3,97.24
M003,2026-06-03 00:00:00,60.4,2.63,98.58
M003,2026-06-03 06:00:00,67.62,2.25,94.37
M003,2026-06-03 12:00:00,64.02,2.42,97.04
M003,2026-06-03 18:00:00,63.94,2.15,97.33
M003,2026-06-04 00:00:00,60.27,2.19,98.33
M003,2026-06-04 06:00:00,59.91,1.99,95.65
M003,2026-06-04 12:00:00,63.2,1.93,92.39
M003,2026-06-04 18:00:00,60.05,2.48,92.87
M003,2026-06-05 00:00:00,66.04,2.22,92.96
M003,2026-06-05 06:00:00,61.83,2.12,93.95
M003,2026-06-05 12:00:00,67.48,2.1,92.7
M003,2026-06-05 18:00:00,62.59,2.52,89.35
M003,2026-06-06 00:00:00,63.41,1.96,95.25
M003,2026-06-06 06:00:00,61.52,1.52,94.7
M003,2026-06-06 12:00:00,63.23,2.03,91.68
M003,2026-06-06 18:00:00,59.88,2.44,96.24
M003,2026-06-07 00:00:00,60.79,2.05,93.38
M003,2026-06-07 06:00:00,67.09,2.38,90.74
M003,2026-06-07 12:00:00,63.16,1.8,95.72
M003,2026-06-07 18:00:00,65.9,2.72,95.78
M003,2026-06-08 00:00:00,61.43,1.83,89.35
M003,2026-06-08 06:00:00,56.98,2.43,93.24
M003,2026-06-08 12:00:00,64.41,2.65,93.85
M003,2026-06-08 18:00:00,62.89,2.09,92.51
M003,2026-06-09 00:00:00,64.1,2.18,92.57
M003,2026-06-09 06:00:00,62.6,2.5,91.45
M003,2026-06-09 12:00:00,62.51,2.31,97.01
M003,2026-06-09 18:00:00,62.16,2.02,92.07
M003,2026-06-10 00:00:00,64.79,2.85,89.56
M003,2026-06-10 06:00:00,60.49,2.19,93.84
M003,2026-06-10 12:00:00,64.26,1.98,90.31
M003,2026-06-10 18:00:00,62.96,2.17,96.28
M003,2026-06-11 00:00:00,63.7,2.42,93.17
M003,2026-06-11 06:00:00,67.44,2.0,95.31
M003,2026-06-11 12:00:00,60.19,1.93,91.66
M003,2026-06-11 18:00:00,65.99,2.33,91.71
M003,2026-06-12 00:00:00,63.52,2.27,91.98
M003,2026-06-12 06:00:00,59.98,2.69,94.09
M003,2026-06-12 12:00:00,67.12,2.54,95.11
M003,2026-06-12 18:00:00,61.9,1.93,92.81
M003,2026-06-13 00:00:00,60.57,2.46,98.33
M003,2026-06-13 06:00:00,62.3,2.55,91.37
M003,2026-06-13 12:00:00,62.21,2.03,87.04
M003,2026-06-13 18:00:00,62.75,2.31,96.63
M003,2026-06-14 00:00:00,64.46,2.52,90.49
M003,2026-06-14 06:00:00,63.78,2.75,94.55
M003,2026-06-14 12:00:00,66.52,2.88,92.61
M003,2026-06-14 18:00:00,61.47,2.05,88.87
M003,2026-06-15 00:00:00,61.87,2.65,86.78
M003,2026-06-15 06:00:00,60.83,2.25,90.76
M003,2026-06-15 12:00:00,61.85,2.13,92.62
M003,2026-06-15 18:00:00,61.45,2.04,96.19
M003,2026-06-16 00:00:00,65.05,1.88,85.09
M003,2026-06-16 06:00:00,65.08,1.93,94.01
M003,2026-06-16 12:00:00,59.82,2.69,101.0
M003,2026-06-16 18:00:00,63.32,2.27,92.4
M003,2026-06-17 00:00:00,64.56,2.48,96.36
M003,2026-06-17 06:00:00,61.74,2.41,91.72
M003,2026-06-17 12:00:00,60.88,2.29,90.58
M003,2026-06-17 18:00:00,65.35,2.05,94.44
M003,2026-06-18 00:00:00,61.84,2.4,91.75
M003,2026-06-18 06:00:00,60.53,2.46,92.62
M003,2026-06-18 12:00:00,63.62,2.19,89.34
M003,2026-06-18 18:00:00,65.21,2.54,91.62
M003,2026-06-19 00:00:00,63.23,2.64,91.93
M003,2026-06-19 06:00:00,62.49,2.4,91.92
M003,2026-06-19 12:00:00,64.8,2.27,90.95
M003,2026-06-19 18:00:00,64.31,1.98,99.35
M003,2026-06-20 00:00:00,66.3,2.49,94.57
M003,2026-06-20 06:00:00,63.9,2.19,94.17
M003,2026-06-20 12:00:00,61.29,2.48,95.88
M003,2026-06-20 18:00:00,62.38,2.15,89.64
M003,2026-06-21 00:00:00,66.1,2.19,92.66
M003,2026-06-21 06:00:00,63.78,2.43,95.5
M003,2026-06-21 12:00:00,62.42,2.0,89.31
M003,2026-06-21 18:00:00,62.02,2.06,92.35
M003,2026-06-22 00:00:00,65.84,2.24,92.1
M003,2026-06-22 06:00:00,63.19,2.23,93.03
M003,2026-06-22 12:00:00,64.31,2.62,96.24
M003,2026-06-22 18:00:00,67.34,2.52,99.94
M003,2026-06-23 00:00:00,61.72,2.99,92.07
M003,2026-06-23 06:00:00,62.71,2.32,92.56
M003,2026-06-23 12:00:00,63.44,2.19,95.7
M003,2026-06-23 18:00:00,62.16,2.56,97.79
M003,2026-06-24 00:00:00,62.6,2.61,94.87
M003,2026-06-24 06:00:00,67.82,2.22,95.57
M003,2026-06-24 12:00:00,60.06,2.22,94.25
M003,2026-06-24 18:00:00,66.1,2.0,95.55
M003,2026-06-25 00:00:00,63.23,1.92,93.71
M003,2026-06-25 06:00:00,66.78,2.04,92.84
M003,2026-06-25 12:00:00,61.39,2.24,97.46
M003,2026-06-25 18:00:00,62.82,2.8,96.49
M003,2026-06-26 00:00:00,62.68,2.24,90.46
M003,2026-06-26 06:00:00,61.54,2.49,93.08
M003,2026-06-26 12:00:00,62.16,1.92,93.46
M003,2026-06-26 18:00:00,62.47,2.33,94.06
M003,2026-06-27 00:00:00,58.45,1.94,100.01
M003,2026-06-27 06:00:00,62.44,1.64,88.77
M003,2026-06-27 12:00:00,68.42,2.19,96.6
M003,2026-06-27 18:00:00,63.69,2.25,95.45
M003,2026-06-28 00:00:00,58.73,1.97,91.62
M003,2026-06-28 06:00:00,60.81,2.23,95.66
M003,2026-06-28 12:00:00,63.76,2.8,93.68
M003,2026-06-28 18:00:00,65.48,2.39,91.33
M003,2026-06-29 00:00:00,66.5,2.2,94.11
M003,2026-06-29 06:00:00,65.08,2.67,89.58
M003,2026-06-29 12:00:00,65.64,2.12,95.51
M003,2026-06-29 18:00:00,64.61,2.66,89.46
M003,2026-06-30 00:00:00,64.76,2.75,93.63
M003,2026-06-30 06:00:00,61.95,2.7,93.4
M003,2026-06-30 12:00:00,60.24,2.15,91.47
M003,2026-06-30 18:00:00,66.6,2.82,97.03
M003,2026-07-01 00:00:00,64.09,2.71,89.61
M003,2026-07-01 06:00:00,63.64,2.57,89.81
M003,2026-07-01 12:00:00,64.05,2.94,94.71
M003,2026-07-01 18:00:00,65.46,1.7,97.7
M003,2026-07-02 00:00:00,63.3,2.21,92.48
M003,2026-07-02 06:00:00,60.7,2.76,92.0
M003,2026-07-02 12:00:00,62.2,2.39,96.36
M003,2026-07-02 18:00:00,63.94,2.02,94.4
M003,2026-07-03 00:00:00,61.86,1.8,97.47
M003,2026-07-03 06:00:00,64.63,2.43,91.95
M003,2026-07-03 12:00:00,66.51,3.38,94.33
M003,2026-07-03 18:00:00,61.66,2.4,94.28
M003,2026-07-04 00:00:00,59.07,2.56,94.27
M003,2026-07-04 06:00:00,66.42,2.83,93.3
M003,2026-07-04 12:00:00,66.79,3.07,93.05
M003,2026-07-04 18:00:00,64.6,1.93,88.61
M003,2026-07-05 00:00:00,62.13,2.33,89.65
M003,2026-07-05 06:00:00,63.74,2.34,96.15
M003,2026-07-05 12:00:00,62.86,1.78,93.32
M003,2026-07-05 18:00:00,63.78,2.21,93.23
M003,2026-07-06 00:00:00,61.7,2.58,100.82
M003,2026-07-06 06:00:00,60.24,2.32,90.89
M003,2026-07-06 12:00:00,62.99,2.78,94.55
M003,2026-07-06 18:00:00,65.55,2.49,88.95
M003,2026-07-07 00:00:00,61.67,2.71,93.41
M003,2026-07-07 06:00:00,66.42,2.57,89.35
M003,2026-07-07 12:00:00,62.86,2.66,95.03
M003,2026-07-07 18:00:00,65.61,2.17,89.29
M003,2026-07-08 00:00:00,63.56,2.93,90.79
M003,2026-07-08 06:00:00,64.85,2.63,95.16
M003,2026-07-08 12:00:00,67.27,2.96,91.09
M003,2026-07-08 18:00:00,59.75,2.29,93.1
M003,2026-07-09 00:00:00,63.27,3.09,92.91
M003,2026-07-09 06:00:00,65.3,2.57,91.81
M003,2026-07-09 12:00:00,60.14,2.48,102.61
M003,2026-07-09 18:00:00,61.5,1.96,98.66
M003,2026-07-10 00:00:00,65.52,2.57,96.92
M003,2026-07-10 06:00:00,62.37,2.48,95.69
M003,2026-07-10 12:00:00,68.26,2.16,96.67
M003,2026-07-10 18:00:00,64.8,2.56,92.81
M003,2026-07-11 00:00:00,61.31,2.81,90.46
M003,2026-07-11 06:00:00,61.92,2.79,95.17
M003,2026-07-11 12:00:00,64.24,2.85,97.08
M003,2026-07-11 18:00:00,66.7,2.36,95.85
M003,2026-07-12 00:00:00,64.55,3.05,92.41
M003,2026-07-12 06:00:00,63.41,2.35,93.35
M003,2026-07-12 12:00:00,65.06,2.68,93.83
M003,2026-07-12 18:00:00,65.47,2.46,90.17
M003,2026-07-13 00:00:00,62.25,2.83,94.17
M003,2026-07-13 06:00:00,60.46,2.87,98.4
M003,2026-07-13 12:00:00,62.74,2.64,91.34
M003,2026-07-13 18:00:00,65.43,2.19,92.55
M003,2026-07-14 00:00:00,66.18,2.92,94.02
M003,2026-07-14 06:00:00,63.54,2.07,90.47
M003,2026-07-14 12:00:00,63.28,2.34,92.92
M003,2026-07-14 18:00:00,63.53,2.6,96.35
M003,2026-07-15 00:00:00,63.45,2.14,90.61
M003,2026-07-15 06:00:00,65.43,2.76,93.93
M003,2026-07-15 12:00:00,66.86,2.5,98.87
M003,2026-07-15 18:00:00,65.9,1.8,98.12
M003,2026-07-16 00:00:00,62.77,2.26,94.26
M003,2026-07-16 06:00:00,60.83,2.36,97.36
M003,2026-07-16 12:00:00,65.42,2.81,90.72
M003,2026-07-16 18:00:00,61.23,2.78,95.48
M003,2026-07-17 00:00:00,66.12,2.64,89.77
M003,2026-07-17 06:00:00,69.23,2.72,92.15
M003,2026-07-17 12:00:00,64.01,2.62,95.88
M003,2026-07-17 18:00:00,64.73,2.83,93.13
M003,2026-07-18 00:00:00,64.17,2.78,94.46
M003,2026-07-18 06:00:00,64.06,2.36,93.67
M003,2026-07-18 12:00:00,64.55,2.42,90.12
M003,2026-07-18 18:00:00,65.22,2.75,91.57
M003,2026-07-19 00:00:00,63.28,2.34,93.77
M003,2026-07-19 06:00:00,62.83,3.27,91.4
M003,2026-07-19 12:00:00,59.59,2.58,92.41
M003,2026-07-19 18:00:00,66.66,2.68,90.12
M003,2026-07-20 00:00:00,63.91,2.7,86.11
M003,2026-07-20 06:00:00,67.16,2.35,96.85
M003,2026-07-20 12:00:00,65.27,2.79,96.05
M003,2026-07-20 18:00:00,65.63,2.8,92.11
M003,2026-07-21 00:00:00,65.27,2.44,91.55
M003,2026-07-21 06:00:00,68.46,2.37,93.04
M003,2026-07-21 12:00:00,64.76,2.52,94.12
M003,2026-07-21 18:00:00,65.71,2.33,92.89
M003,2026-07-22 00:00:00,62.41,2.86,93.09
M003,2026-07-22 06:00:00,64.74,2.82,91.73
M003,2026-07-22 12:00:00,66.4,2.34,96.79
M003,2026-07-22 18:00:00,63.47,2.11,91.57
M003,2026-07-23 00:00:00,63.74,2.53,93.23
M003,2026-07-23 06:00:00,66.82,2.57,90.46
M003,2026-07-23 12:00:00,62.37,2.49,86.87
M003,2026-07-23 18:00:00,63.17,3.0,90.07
M003,2026-07-24 00:00:00,65.92,2.27,97.83
M003,2026-07-24 06:00:00,68.34,2.82,98.49
M003,2026-07-24 12:00:00,65.38,2.87,96.3
M003,2026-07-24 18:00:00,65.02,2.17,94.88
M003,2026-07-25 00:00:00,63.77,2.53,93.38
M003,2026-07-25 06:00:00,65.84,2.69,94.4
M003,2026-07-25 12:00:00,63.3,2.64,95.04
M003,2026-07-25 18:00:00,68.26,3.29,93.79
M003,2026-07-26 00:00:00,66.43,3.25,90.46
M003,2026-07-26 06:00:00,66.01,2.89,96.81
M003,2026-07-26 12:00:00,62.48,2.38,92.53
M003,2026-07-26 18:00:00,65.51,2.99,94.02
M003,2026-07-27 00:00:00,64.5,2.79,93.35
M003,2026-07-27 06:00:00,68.29,2.72,91.3
M003,2026-07-27 12:00:00,65.7,2.73,87.73
M003,2026-07-27 18:00:00,64.77,2.64,90.81
M003,2026-07-28 00:00:00,66.92,2.44,93.79
M003,2026-07-28 06:00:00,64.55,2.71,93.66
M003,2026-07-28 12:00:00,62.23,2.73,99.29
M003,2026-07-28 18:00:00,61.73,2.66,95.79
M003,2026-07-29 00:00:00,65.49,2.89,85.27
M003,2026-07-29 06:00:00,66.09,2.46,93.33
M003,2026-07-29 12:00:00,64.83,3.37,94.04
M003,2026-07-29 18:00:00,64.66,2.23,92.76
M003,2026-07-30 00:00:00,66.58,2.67,90.86
M003,2026-07-30 06:00:00,63.79,2.85,94.66
M003,2026-07-30 12:00:00,67.66,2.39,93.96
M003,2026-07-30 18:00:00,64.69,2.67,93.58
M004,2026-06-01 00:00:00,63.06,2.7,87.89
M004,2026-06-01 06:00:00,64.38,3.5,87.25
M004,2026-06-01 12:00:00,62.44,3.54,90.3
M004,2026-06-01 18:00:00,64.01,3.18,82.23
M004,2026-06-02 00:00:00,62.37,3.4,84.51
M004,2026-06-02 06:00:00,60.67,4.22,81.79
M004,2026-06-02 12:00:00,68.1,3.08,85.92
M004,2026-06-02 18:00:00,62.24,3.4,81.86
M004,2026-06-03 00:00:00,59.95,3.66,83.74
M004,2026-06-03 06:00:00,65.12,2.85,88.28
M004,2026-06-03 12:00:00,67.0,3.02,80.35
M004,2026-06-03 18:00:00,67.01,3.46,84.73
M004,2026-06-04 00:00:00,63.24,2.85,90.39
M004,2026-06-04 06:00:00,62.61,2.76,86.77
M004,2026-06-04 12:00:00,61.96,2.88,84.84
M004,2026-06-04 18:00:00,63.85,2.77,90.29
M004,2026-06-05 00:00:00,65.08,3.09,83.4
M004,2026-06-05 06:00:00,63.54,3.47,88.34
M004,2026-06-05 12:00:00,65.84,3.05,77.34
M004,2026-06-05 18:00:00,66.22,3.15,88.11
M004,2026-06-06 00:00:00,67.11,3.93,84.14
M004,2026-06-06 06:00:00,64.04,3.61,83.55
M004,2026-06-06 12:00:00,62.6,3.03,86.0
M004,2026-06-06 18:00:00,63.33,3.03,83.19
M004,2026-06-07 00:00:00,65.44,3.61,90.51
M004,2026-06-07 06:00:00,62.85,3.47,86.77
M004,2026-06-07 12:00:00,62.67,3.43,84.22
M004,2026-06-07 18:00:00,63.06,2.8,84.67
M004,2026-06-08 00:00:00,64.36,3.69,84.98
M004,2026-06-08 06:00:00,61.78,3.67,84.53
M004,2026-06-08 12:00:00,60.36,3.26,85.07
M004,2026-06-08 18:00:00,68.46,3.37,85.6
M004,2026-06-09 00:00:00,62.05,3.33,90.39
M004,2026-06-09 06:00:00,64.53,2.98,87.64
M004,2026-06-09 12:00:00,63.81,3.37,84.96
M004,2026-06-09 18:00:00,63.15,3.11,88.85
M004,2026-06-10 00:00:00,63.21,3.1,83.17
M004,2026-06-10 06:00:00,64.86,3.33,84.65
M004,2026-06-10 12:00:00,62.53,3.8,80.36
M004,2026-06-10 18:00:00,64.93,3.63,75.84
M004,2026-06-11 00:00:00,65.58,3.18,86.74
M004,2026-06-11 06:00:00,63.35,3.57,87.06
M004,2026-06-11 12:00:00,64.26,2.98,91.62
M004,2026-06-11 18:00:00,64.01,3.94,91.76
M004,2026-06-12 00:00:00,60.48,3.06,82.84
M004,2026-06-12 06:00:00,63.94,3.31,86.64
M004,2026-06-12 12:00:00,66.15,3.71,88.85
M004,2026-06-12 18:00:00,62.92,3.02,85.96
M004,2026-06-13 00:00:00,64.93,3.21,81.89
M004,2026-06-13 06:00:00,65.45,3.15,84.66
M004,2026-06-13 12:00:00,63.97,3.2,84.83
M004,2026-06-13 18:00:00,61.52,3.23,88.04
M004,2026-06-14 00:00:00,64.66,3.56,83.72
M004,2026-06-14 06:00:00,61.57,3.2,84.06
M004,2026-06-14 12:00:00,63.11,3.34,84.4
M004,2026-06-14 18:00:00,61.63,3.11,86.93
M004,2026-06-15 00:00:00,65.52,3.48,87.16
M004,2026-06-15 06:00:00,63.84,3.41,85.76
M004,2026-06-15 12:00:00,64.4,3.0,86.02
M004,2026-06-15 18:00:00,64.93,3.39,82.02
M004,2026-06-16 00:00:00,64.41,2.86,86.38
M004,2026-06-16 06:00:00,62.81,3.81,86.22
M004,2026-06-16 12:00:00,65.82,3.93,83.41
M004,2026-06-16 18:00:00,65.09,2.94,86.9
M004,2026-06-17 00:00:00,67.79,3.12,83.18
M004,2026-06-17 06:00:00,64.08,3.92,88.15
M004,2026-06-17 12:00:00,62.45,3.74,80.87
M004,2026-06-17 18:00:00,68.54,3.56,91.13
M004,2026-06-18 00:00:00,61.01,3.36,85.42
M004,2026-06-18 06:00:00,62.29,2.92,87.34
M004,2026-06-18 12:00:00,65.5,3.7,84.31
M004,2026-06-18 18:00:00,64.02,2.9,90.44
M004,2026-06-19 00:00:00,64.49,3.54,88.07
M004,2026-06-19 06:00:00,67.27,3.07,87.89
M004,2026-06-19 12:00:00,64.3,3.95,83.29
M004,2026-06-19 18:00:00,66.7,3.43,86.69
M004,2026-06-20 00:00:00,64.51,3.73,86.56
M004,2026-06-20 06:00:00,61.35,3.7,88.88
M004,2026-06-20 12:00:00,65.57,2.99,82.85
M004,2026-06-20 18:00:00,60.64,3.47,81.72
M004,2026-06-21 00:00:00,61.0,3.72,88.05
M004,2026-06-21 06:00:00,63.78,3.3,78.53
M004,2026-06-21 12:00:00,66.28,3.13,86.74
M004,2026-06-21 18:00:00,59.47,3.63,83.49
M004,2026-06-22 00:00:00,61.74,3.25,83.94
M004,2026-06-22 06:00:00,66.64,3.22,89.82
M004,2026-06-22 12:00:00,65.15,3.62,85.72
M004,2026-06-22 18:00:00,67.03,3.0,86.07
M004,2026-06-23 00:00:00,63.74,3.78,90.2
M004,2026-06-23 06:00:00,64.53,2.97,86.99
M004,2026-06-23 12:00:00,61.2,3.85,84.29
M004,2026-06-23 18:00:00,64.47,3.15,83.0
M004,2026-06-24 00:00:00,66.05,3.32,85.81
M004,2026-06-24 06:00:00,62.57,3.62,88.56
M004,2026-06-24 12:00:00,64.16,3.75,85.37
M004,2026-06-24 18:00:00,66.14,2.88,86.74
M004,2026-06-25 00:00:00,64.08,3.42,85.99
M004,2026-06-25 06:00:00,64.87,3.56,83.96
M004,2026-06-25 12:00:00,65.76,3.75,81.43
M004,2026-06-25 18:00:00,63.06,3.15,82.38
M004,2026-06-26 00:00:00,63.72,3.69,89.98
M004,2026-06-26 06:00:00,64.88,3.29,88.05
M004,2026-06-26 12:00:00,59.94,3.07,78.67
M004,2026-06-26 18:00:00,62.54,3.15,90.07
M004,2026-06-27 00:00:00,59.19,3.27,87.47
M004,2026-06-27 06:00:00,65.53,3.83,86.1
M004,2026-06-27 12:00:00,65.46,2.84,82.65
M004,2026-06-27 18:00:00,61.15,3.57,86.66
M004,2026-06-28 00:00:00,65.38,3.14,82.67
M004,2026-06-28 06:00:00,65.18,3.2,82.53
M004,2026-06-28 12:00:00,63.74,3.2,82.99
M004,2026-06-28 18:00:00,62.31,3.54,90.26
M004,2026-06-29 00:00:00,64.72,3.48,87.18
M004,2026-06-29 06:00:00,65.54,3.16,90.73
M004,2026-06-29 12:00:00,63.29,3.61,87.16
M004,2026-06-29 18:00:00,60.89,3.3,85.74
M004,2026-06-30 00:00:00,65.11,3.51,87.82
M004,2026-06-30 06:00:00,64.83,3.53,85.41
M004,2026-06-30 12:00:00,62.81,3.43,87.79
M004,2026-06-30 18:00:00,67.06,3.58,89.55
M004,2026-07-01 00:00:00,65.73,3.69,88.34
M004,2026-07-01 06:00:00,64.45,3.65,82.7
M004,2026-07-01 12:00:00,65.59,3.6,88.68
M004,2026-07-01 18:00:00,66.53,3.75,85.23
M004,2026-07-02 00:00:00,64.25,3.36,86.3
M004,2026-07-02 06:00:00,61.32,3.84,85.63
M004,2026-07-02 12:00:00,64.11,2.68,85.39
M004,2026-07-02 18:00:00,64.54,3.17,83.48
M004,2026-07-03 00:00:00,64.93,3.27,87.2
M004,2026-07-03 06:00:00,63.48,3.49,89.02
M004,2026-07-03 12:00:00,64.91,3.55,86.36
M004,2026-07-03 18:00:00,65.0,3.43,83.77
M004,2026-07-04 00:00:00,65.33,3.37,90.1
M004,2026-07-04 06:00:00,66.65,3.02,81.27
M004,2026-07-04 12:00:00,64.77,3.34,84.91
M004,2026-07-04 18:00:00,66.33,3.55,86.37
M004,2026-07-05 00:00:00,67.96,3.05,85.75
M004,2026-07-05 06:00:00,63.91,3.9,78.81
M004,2026-07-05 12:00:00,60.74,3.56,88.81
M004,2026-07-05 18:00:00,66.62,3.23,89.95
M004,2026-07-06 00:00:00,62.65,3.87,82.11
M004,2026-07-06 06:00:00,64.41,3.67,81.01
M004,2026-07-06 12:00:00,68.06,3.37,85.82
M004,2026-07-06 18:00:00,67.44,3.24,88.59
M004,2026-07-07 00:00:00,68.44,3.29,89.5
M004,2026-07-07 06:00:00,61.64,3.6,81.7
M004,2026-07-07 12:00:00,67.05,3.74,91.62
M004,2026-07-07 18:00:00,68.0,3.43,82.14
M004,2026-07-08 00:00:00,66.34,3.47,90.02
M004,2026-07-08 06:00:00,60.87,4.15,86.96
M004,2026-07-08 12:00:00,63.58,3.71,89.26
M004,2026-07-08 18:00:00,65.44,2.96,84.49
M004,2026-07-09 00:00:00,67.33,3.65,84.88
M004,2026-07-09 06:00:00,67.87,3.72,87.79
M004,2026-07-09 12:00:00,64.43,3.35,80.25
M004,2026-07-09 18:00:00,64.73,3.78,84.73
M004,2026-07-10 00:00:00,66.19,3.84,86.44
M004,2026-07-10 06:00:00,66.24,3.1,84.35
M004,2026-07-10 12:00:00,68.75,3.54,91.01
M004,2026-07-10 18:00:00,63.85,3.58,84.17
M004,2026-07-11 00:00:00,66.53,3.79,87.11
M004,2026-07-11 06:00:00,67.43,3.52,84.73
M004,2026-07-11 12:00:00,61.83,3.71,85.82
M004,2026-07-11 18:00:00,65.21,3.46,85.19
M004,2026-07-12 00:00:00,64.91,3.37,86.0
M004,2026-07-12 06:00:00,66.36,3.3,84.08
M004,2026-07-12 12:00:00,64.98,3.53,84.89
M004,2026-07-12 18:00:00,66.71,3.03,80.85
M004,2026-07-13 00:00:00,65.82,3.36,87.91
M004,2026-07-13 06:00:00,67.77,3.61,82.04
M004,2026-07-13 12:00:00,67.54,3.6,80.79
M004,2026-07-13 18:00:00,62.64,3.99,89.31
M004,2026-07-14 00:00:00,60.44,3.14,88.66
M004,2026-07-14 06:00:00,65.44,3.76,85.05
M004,2026-07-14 12:00:00,66.79,3.55,83.92
M004,2026-07-14 18:00:00,67.59,3.61,87.19
M004,2026-07-15 00:00:00,65.84,3.41,90.04
M004,2026-07-15 06:00:00,66.23,3.45,89.04
M004,2026-07-15 12:00:00,62.88,4.23,84.67
M004,2026-07-15 18:00:00,62.99,4.13,83.82
M004,2026-07-16 00:00:00,66.05,3.78,88.74
M004,2026-07-16 06:00:00,66.17,3.37,85.84
M004,2026-07-16 12:00:00,64.73,3.64,90.07
M004,2026-07-16 18:00:00,67.08,3.63,87.4
M004,2026-07-17 00:00:00,67.23,3.25,85.29
M004,2026-07-17 06:00:00,70.74,3.94,83.65
M004,2026-07-17 12:00:00,64.41,3.38,87.76
M004,2026-07-17 18:00:00,68.83,3.75,85.64
M004,2026-07-18 00:00:00,64.77,3.68,82.68
M004,2026-07-18 06:00:00,61.79,4.07,82.13
M004,2026-07-18 12:00:00,65.01,3.78,89.45
M004,2026-07-18 18:00:00,66.17,3.22,84.24
M004,2026-07-19 00:00:00,64.35,3.58,88.82
M004,2026-07-19 06:00:00,60.63,3.47,83.67
M004,2026-07-19 12:00:00,63.19,3.77,80.88
M004,2026-07-19 18:00:00,63.1,3.85,89.62
M004,2026-07-20 00:00:00,65.6,3.24,82.98
M004,2026-07-20 06:00:00,67.76,3.64,84.79
M004,2026-07-20 12:00:00,66.37,3.59,89.73
M004,2026-07-20 18:00:00,64.25,3.34,80.95
M004,2026-07-21 00:00:00,64.71,3.28,85.73
M004,2026-07-21 06:00:00,65.83,3.29,86.84
M004,2026-07-21 12:00:00,68.83,3.72,77.44
M004,2026-07-21 18:00:00,69.77,3.83,90.94
M004,2026-07-22 00:00:00,68.02,4.01,85.67
M004,2026-07-22 06:00:00,65.31,3.73,82.93
M004,2026-07-22 12:00:00,66.7,2.83,85.18
M004,2026-07-22 18:00:00,68.53,3.65,90.23
M004,2026-07-23 00:00:00,65.35,3.93,82.4
M004,2026-07-23 06:00:00,67.81,3.7,84.37
M004,2026-07-23 12:00:00,60.73,3.55,85.67
M004,2026-07-23 18:00:00,67.54,4.1,91.14
M004,2026-07-24 00:00:00,68.42,3.47,84.09
M004,2026-07-24 06:00:00,67.41,3.79,89.89
M004,2026-07-24 12:00:00,70.89,4.32,89.49
M004,2026-07-24 18:00:00,66.98,4.04,89.99
M004,2026-07-25 00:00:00,65.68,3.49,82.68
M004,2026-07-25 06:00:00,64.22,3.23,85.73
M004,2026-07-25 12:00:00,63.97,3.41,87.09
M004,2026-07-25 18:00:00,66.34,3.77,89.08
M004,2026-07-26 00:00:00,67.75,4.11,85.2
M004,2026-07-26 06:00:00,69.24,3.76,85.47
M004,2026-07-26 12:00:00,68.94,3.39,91.03
M004,2026-07-26 18:00:00,65.45,3.29,86.92
M004,2026-07-27 00:00:00,65.31,4.27,83.64
M004,2026-07-27 06:00:00,66.69,3.24,87.38
M004,2026-07-27 12:00:00,64.51,3.87,83.65
M004,2026-07-27 18:00:00,61.97,3.7,85.2
M004,2026-07-28 00:00:00,67.87,4.14,90.65
M004,2026-07-28 06:00:00,67.84,3.76,80.64
M004,2026-07-28 12:00:00,66.51,3.74,84.32
M004,2026-07-28 18:00:00,67.37,4.01,82.46
M004,2026-07-29 00:00:00,64.48,3.64,83.05
M004,2026-07-29 06:00:00,62.87,3.38,81.2
M004,2026-07-29 12:00:00,68.57,4.19,81.61
M004,2026-07-29 18:00:00,67.24,3.94,80.42
M004,2026-07-30 00:00:00,66.52,4.45,86.9
M004,2026-07-30 06:00:00,65.71,3.52,78.81
M004,2026-07-30 12:00:00,67.14,4.27,82.43
M004,2026-07-30 18:00:00,62.33,3.49,87.52
M005,2026-06-01 00:00:00,57.08,2.48,96.76
M005,2026-06-01 06:00:00,57.83,2.33,95.7
M005,2026-06-01 12:00:00,58.02,2.17,94.35
M005,2026-06-01 18:00:00,53.9,2.72,96.67
M005,2026-06-02 00:00:00,53.84,2.73,95.3
M005,2026-06-02 06:00:00,54.72,2.42,101.4
M005,2026-06-02 12:00:00,55.68,2.65,99.15
M005,2026-06-02 18:00:00,57.35,2.86,94.85
M005,2026-06-03 00:00:00,54.43,2.17,96.51
M005,2026-06-03 06:00:00,54.62,2.53,97.18
M005,2026-06-03 12:00:00,58.55,2.58,95.7
M005,2026-06-03 18:00:00,57.33,2.18,96.83
M005,2026-06-04 00:00:00,57.2,2.54,98.17
M005,2026-06-04 06:00:00,55.27,2.84,102.39
M005,2026-06-04 12:00:00,53.35,2.13,97.05
M005,2026-06-04 18:00:00,56.04,3.07,97.58
M005,2026-06-05 00:00:00,59.39,1.89,99.34
M005,2026-06-05 06:00:00,55.17,2.29,96.16
M005,2026-06-05 12:00:00,53.75,2.64,97.47
M005,2026-06-05 18:00:00,57.13,2.77,101.45
M005,2026-06-06 00:00:00,55.92,2.66,97.76
M005,2026-06-06 06:00:00,57.4,2.63,101.65
M005,2026-06-06 12:00:00,55.73,2.06,94.78
M005,2026-06-06 18:00:00,58.16,2.52,95.48
M005,2026-06-07 00:00:00,54.54,2.59,98.79
M005,2026-06-07 06:00:00,57.3,2.45,97.3
M005,2026-06-07 12:00:00,56.97,2.58,93.3
M005,2026-06-07 18:00:00,57.09,2.39,99.98
M005,2026-06-08 00:00:00,57.0,2.78,95.93
M005,2026-06-08 06:00:00,56.21,2.98,98.14
M005,2026-06-08 12:00:00,55.31,2.8,95.23
M005,2026-06-08 18:00:00,57.19,3.08,92.54
M005,2026-06-09 00:00:00,56.43,2.66,99.1
M005,2026-06-09 06:00:00,54.3,2.08,100.08
M005,2026-06-09 12:00:00,55.34,2.31,101.46
M005,2026-06-09 18:00:00,56.92,2.56,96.27
M005,2026-06-10 00:00:00,54.38,2.75,98.02
M005,2026-06-10 06:00:00,57.16,2.52,95.91
M005,2026-06-10 12:00:00,58.65,2.51,96.6
M005,2026-06-10 18:00:00,57.89,2.61,101.72
M005,2026-06-11 00:00:00,53.35,2.65,94.65
M005,2026-06-11 06:00:00,54.99,2.42,96.93
M005,2026-06-11 12:00:00,57.07,2.1,95.14
M005,2026-06-11 18:00:00,57.43,2.3,93.42
M005,2026-06-12 00:00:00,52.41,2.37,93.29
M005,2026-06-12 06:00:00,54.95,2.49,94.94
M005,2026-06-12 12:00:00,54.59,1.93,97.65
M005,2026-06-12 18:00:00,58.42,2.45,95.95
M005,2026-06-13 00:00:00,56.97,3.05,92.02
M005,2026-06-13 06:00:00,56.13,2.06,97.81
M005,2026-06-13 12:00:00,56.67,2.64,97.18
M005,2026-06-13 18:00:00,58.94,2.74,99.21
M005,2026-06-14 00:00:00,54.88,2.94,94.53
M005,2026-06-14 06:00:00,55.68,2.67,97.6
M005,2026-06-14 12:00:00,54.86,2.53,101.16
M005,2026-06-14 18:00:00,54.07,3.03,95.97
M005,2026-06-15 00:00:00,52.38,2.19,93.79
M005,2026-06-15 06:00:00,55.8,2.56,88.57
M005,2026-06-15 12:00:00,57.43,2.28,100.85
M005,2026-06-15 18:00:00,56.51,2.88,100.01
M005,2026-06-16 00:00:00,59.26,2.43,94.92
M005,2026-06-16 06:00:00,56.65,2.8,95.12
M005,2026-06-16 12:00:00,56.86,2.69,93.94
M005,2026-06-16 18:00:00,55.16,2.56,96.58
M005,2026-06-17 00:00:00,58.01,2.82,93.33
M005,2026-06-17 06:00:00,55.52,2.32,100.87
M005,2026-06-17 12:00:00,56.9,2.62,96.8
M005,2026-06-17 18:00:00,55.71,3.08,97.86
M005,2026-06-18 00:00:00,57.27,2.29,93.12
M005,2026-06-18 06:00:00,56.57,2.41,93.41
M005,2026-06-18 12:00:00,56.45,2.56,97.03
M005,2026-06-18 18:00:00,56.18,2.32,93.69
M005,2026-06-19 00:00:00,59.66,2.26,97.68
M005,2026-06-19 06:00:00,58.27,2.6,101.89
M005,2026-06-19 12:00:00,58.24,3.18,94.63
M005,2026-06-19 18:00:00,55.96,2.79,95.8
M005,2026-06-20 00:00:00,60.65,2.74,93.43
M005,2026-06-20 06:00:00,53.8,2.62,96.3
M005,2026-06-20 12:00:00,57.91,3.0,99.8
M005,2026-06-20 18:00:00,56.12,2.25,92.86
M005,2026-06-21 00:00:00,55.85,2.54,97.46
M005,2026-06-21 06:00:00,55.72,2.73,97.63
M005,2026-06-21 12:00:00,57.61,2.31,97.94
M005,2026-06-21 18:00:00,61.49,2.72,87.68
M005,2026-06-22 00:00:00,59.85,2.45,103.32
M005,2026-06-22 06:00:00,57.6,2.15,90.32
M005,2026-06-22 12:00:00,60.45,2.99,103.2
M005,2026-06-22 18:00:00,57.39,2.64,95.37
M005,2026-06-23 00:00:00,56.1,2.55,97.15
M005,2026-06-23 06:00:00,55.72,2.17,96.98
M005,2026-06-23 12:00:00,55.68,1.7,98.15
M005,2026-06-23 18:00:00,55.2,2.87,98.41
M005,2026-06-24 00:00:00,58.02,3.43,96.06
M005,2026-06-24 06:00:00,56.89,2.88,96.31
M005,2026-06-24 12:00:00,59.78,2.3,92.72
M005,2026-06-24 18:00:00,58.99,2.33,98.3
M005,2026-06-25 00:00:00,58.24,2.48,97.55
M005,2026-06-25 06:00:00,55.03,2.39,95.74
M005,2026-06-25 12:00:00,57.66,2.59,97.75
M005,2026-06-25 18:00:00,58.28,3.14,96.16
M005,2026-06-26 00:00:00,59.94,2.97,103.31
M005,2026-06-26 06:00:00,57.29,2.57,100.2
M005,2026-06-26 12:00:00,58.32,3.08,98.58
M005,2026-06-26 18:00:00,53.33,2.81,97.36
M005,2026-06-27 00:00:00,57.86,2.66,91.63
M005,2026-06-27 06:00:00,59.34,2.82,99.71
M005,2026-06-27 12:00:00,54.52,2.86,95.7
M005,2026-06-27 18:00:00,57.88,2.64,98.04
M005,2026-06-28 00:00:00,57.31,2.4,96.64
M005,2026-06-28 06:00:00,57.21,2.69,86.82
M005,2026-06-28 12:00:00,59.0,2.62,92.34
M005,2026-06-28 18:00:00,59.48,2.9,95.4
M005,2026-06-29 00:00:00,55.38,2.78,96.73
M005,2026-06-29 06:00:00,59.53,2.59,99.95
M005,2026-06-29 12:00:00,56.6,2.32,92.96
M005,2026-06-29 18:00:00,57.56,2.7,97.34
M005,2026-06-30 00:00:00,57.55,3.02,95.55
M005,2026-06-30 06:00:00,53.73,2.69,90.32
M005,2026-06-30 12:00:00,58.27,3.05,93.38
M005,2026-06-30 18:00:00,60.56,2.98,99.96
M005,2026-07-01 00:00:00,58.15,2.44,98.66
M005,2026-07-01 06:00:00,56.52,2.78,95.8
M005,2026-07-01 12:00:00,60.02,2.96,96.07
M005,2026-07-01 18:00:00,53.87,2.55,98.43
M005,2026-07-02 00:00:00,58.38,2.3,90.87
M005,2026-07-02 06:00:00,58.21,2.43,93.41
M005,2026-07-02 12:00:00,59.16,3.11,94.04
M005,2026-07-02 18:00:00,57.73,2.73,95.8
M005,2026-07-03 00:00:00,57.94,2.98,94.25
M005,2026-07-03 06:00:00,54.81,3.26,99.54
M005,2026-07-03 12:00:00,55.66,2.8,99.3
M005,2026-07-03 18:00:00,59.36,2.9,95.76
M005,2026-07-04 00:00:00,61.36,2.83,94.7
M005,2026-07-04 06:00:00,59.65,2.8,97.3
M005,2026-07-04 12:00:00,58.31,2.92,93.31
M005,2026-07-04 18:00:00,55.01,3.2,97.0
M005,2026-07-05 00:00:00,59.49,2.25,99.43
M005,2026-07-05 06:00:00,56.91,2.53,96.04
M005,2026-07-05 12:00:00,56.0,2.78,95.82
M005,2026-07-05 18:00:00,60.07,3.23,100.67
M005,2026-07-06 00:00:00,53.47,2.5,89.38
M005,2026-07-06 06:00:00,55.61,2.59,97.43
M005,2026-07-06 12:00:00,56.96,2.64,96.75
M005,2026-07-06 18:00:00,54.58,2.53,94.69
M005,2026-07-07 00:00:00,57.64,2.82,100.68
M005,2026-07-07 06:00:00,59.86,2.56,95.4
M005,2026-07-07 12:00:00,57.38,2.64,97.0
M005,2026-07-07 18:00:00,54.32,3.06,101.26
M005,2026-07-08 00:00:00,57.55,2.72,96.63
M005,2026-07-08 06:00:00,60.13,2.71,98.96
M005,2026-07-08 12:00:00,59.06,3.51,95.17
M005,2026-07-08 18:00:00,54.14,2.37,96.19
M005,2026-07-09 00:00:00,60.19,2.62,95.44
M005,2026-07-09 06:00:00,59.5,2.52,94.3
M005,2026-07-09 12:00:00,55.8,3.17,100.76
M005,2026-07-09 18:00:00,54.97,2.77,100.36
M005,2026-07-10 00:00:00,58.97,2.67,91.47
M005,2026-07-10 06:00:00,60.48,2.93,91.69
M005,2026-07-10 12:00:00,60.56,2.34,95.45
M005,2026-07-10 18:00:00,57.65,3.31,95.33
M005,2026-07-11 00:00:00,57.69,2.42,94.17
M005,2026-07-11 06:00:00,56.59,2.6,96.11
M005,2026-07-11 12:00:00,53.35,2.38,95.76
M005,2026-07-11 18:00:00,58.47,2.76,95.97
M005,2026-07-12 00:00:00,57.45,2.83,97.37
M005,2026-07-12 06:00:00,59.12,2.63,98.81
M005,2026-07-12 12:00:00,58.58,3.21,100.37
M005,2026-07-12 18:00:00,55.38,2.58,98.51
M005,2026-07-13 00:00:00,54.98,3.27,95.01
M005,2026-07-13 06:00:00,59.46,2.81,91.87
M005,2026-07-13 12:00:00,60.42,3.67,94.5
M005,2026-07-13 18:00:00,57.67,2.05,100.1
M005,2026-07-14 00:00:00,60.18,2.34,89.83
M005,2026-07-14 06:00:00,54.46,3.05,98.26
M005,2026-07-14 12:00:00,56.51,3.01,96.5
M005,2026-07-14 18:00:00,57.62,3.15,92.41
M005,2026-07-15 00:00:00,60.7,2.65,101.35
M005,2026-07-15 06:00:00,56.39,2.76,96.18
M005,2026-07-15 12:00:00,58.51,3.01,92.14
M005,2026-07-15 18:00:00,58.33,2.91,94.42
M005,2026-07-16 00:00:00,59.26,2.47,95.0
M005,2026-07-16 06:00:00,56.94,2.78,100.32
M005,2026-07-16 12:00:00,61.38,3.26,94.59
M005,2026-07-16 18:00:00,60.26,2.91,96.11
M005,2026-07-17 00:00:00,58.34,3.41,100.05
M005,2026-07-17 06:00:00,59.98,2.83,96.07
M005,2026-07-17 12:00:00,59.55,2.73,98.77
M005,2026-07-17 18:00:00,56.65,3.0,89.09
M005,2026-07-18 00:00:00,57.44,3.52,99.04
M005,2026-07-18 06:00:00,61.61,2.69,96.24
M005,2026-07-18 12:00:00,61.1,3.08,97.46
M005,2026-07-18 18:00:00,61.8,2.58,95.38
M005,2026-07-19 00:00:00,55.07,2.57,99.13
M005,2026-07-19 06:00:00,56.75,3.12,100.89
M005,2026-07-19 12:00:00,58.23,3.06,98.14
M005,2026-07-19 18:00:00,56.14,2.72,92.9
M005,2026-07-20 00:00:00,57.55,3.13,94.1
M005,2026-07-20 06:00:00,58.56,2.6,99.57
M005,2026-07-20 12:00:00,57.54,3.37,96.07
M005,2026-07-20 18:00:00,55.81,2.86,92.7
M005,2026-07-21 00:00:00,59.85,2.84,96.36
M005,2026-07-21 06:00:00,57.93,2.75,92.94
M005,2026-07-21 12:00:00,60.34,2.87,94.92
M005,2026-07-21 18:00:00,58.28,2.72,94.93
M005,2026-07-22 00:00:00,59.13,2.62,93.18
M005,2026-07-22 06:00:00,61.47,2.82,94.19
M005,2026-07-22 12:00:00,56.03,3.18,92.68
M005,2026-07-22 18:00:00,58.69,2.42,98.3
M005,2026-07-23 00:00:00,61.12,3.08,91.22
M005,2026-07-23 06:00:00,60.44,2.69,92.31
M005,2026-07-23 12:00:00,58.0,2.82,94.31
M005,2026-07-23 18:00:00,61.31,3.54,91.71
M005,2026-07-24 00:00:00,57.43,2.99,94.63
M005,2026-07-24 06:00:00,59.61,3.22,98.05
M005,2026-07-24 12:00:00,60.03,3.44,91.03
M005,2026-07-24 18:00:00,61.77,2.82,98.15
M005,2026-07-25 00:00:00,56.79,2.68,97.76
M005,2026-07-25 06:00:00,55.0,3.25,99.56
M005,2026-07-25 12:00:00,59.21,3.0,93.27
M005,2026-07-25 18:00:00,60.2,3.06,93.01
M005,2026-07-26 00:00:00,58.11,2.92,94.57
M005,2026-07-26 06:00:00,56.17,3.17,95.02
M005,2026-07-26 12:00:00,58.93,2.79,97.18
M005,2026-07-26 18:00:00,59.29,3.33,97.19
M005,2026-07-27 00:00:00,58.54,2.75,98.33
M005,2026-07-27 06:00:00,58.38,2.92,95.21
M005,2026-07-27 12:00:00,58.14,2.93,101.51
M005,2026-07-27 18:00:00,56.85,2.73,99.88
M005,2026-07-28 00:00:00,58.24,2.85,98.81
M005,2026-07-28 06:00:00,56.15,3.23,95.85
M005,2026-07-28 12:00:00,59.92,3.12,93.82
M005,2026-07-28 18:00:00,61.09,2.82,96.93
M005,2026-07-29 00:00:00,61.51,3.41,94.88
M005,2026-07-29 06:00:00,59.96,2.88,103.2
M005,2026-07-29 12:00:00,60.59,3.02,96.62
M005,2026-07-29 18:00:00,59.85,3.12,94.97
M005,2026-07-30 00:00:00,58.29,2.96,92.24
M005,2026-07-30 06:00:00,60.51,2.76,92.48
M005,2026-07-30 12:00:00,59.05,2.96,96.41
M005,2026-07-30 18:00:00,57.94,2.88,97.74
M006,2026-06-01 00:00:00,61.31,3.26,103.53
M006,2026-06-01 06:00:00,65.81,2.78,102.75
M006,2026-06-01 12:00:00,62.71,3.19,101.25
M006,2026-06-01 18:00:00,61.87,3.53,104.0
M006,2026-06-02 00:00:00,65.75,2.65,99.04
M006,2026-06-02 06:00:00,58.96,2.98,92.54
M006,2026-06-02 12:00:00,63.73,3.27,98.43
M006,2026-06-02 18:00:00,61.25,3.3,96.7
M006,2026-06-03 00:00:00,60.67,2.84,99.12
M006,2026-06-03 06:00:00,61.67,3.09,101.3
M006,2026-06-03 12:00:00,64.76,3.64,99.91
M006,2026-06-03 18:00:00,63.53,3.26,94.71
M006,2026-06-04 00:00:00,62.09,3.1,98.2
M006,2026-06-04 06:00:00,62.75,3.14,96.77
M006,2026-06-04 12:00:00,62.53,3.01,91.87
M006,2026-06-04 18:00:00,60.04,3.23,103.01
M006,2026-06-05 00:00:00,57.98,2.94,101.03
M006,2026-06-05 06:00:00,64.59,3.08,97.68
M006,2026-06-05 12:00:00,65.27,3.44,102.31
M006,2026-06-05 18:00:00,61.9,3.54,93.9
M006,2026-06-06 00:00:00,65.09,3.18,100.12
M006,2026-06-06 06:00:00,60.94,2.66,100.05
M006,2026-06-06 12:00:00,63.93,3.42,101.52
M006,2026-06-06 18:00:00,63.57,2.93,102.03
M006,2026-06-07 00:00:00,60.76,3.54,99.48
M006,2026-06-07 06:00:00,62.73,3.46,102.74
M006,2026-06-07 12:00:00,64.37,2.96,102.02
M006,2026-06-07 18:00:00,61.2,3.44,95.46
M006,2026-06-08 00:00:00,62.64,2.96,102.34
M006,2026-06-08 06:00:00,65.06,3.26,100.23
M006,2026-06-08 12:00:00,64.24,3.54,99.84
M006,2026-06-08 18:00:00,61.83,3.4,94.16
M006,2026-06-09 00:00:00,64.65,2.99,99.01
M006,2026-06-09 06:00:00,64.66,3.08,101.67
M006,2026-06-09 12:00:00,65.11,3.24,100.67
M006,2026-06-09 18:00:00,62.59,3.24,96.38
M006,2026-06-10 00:00:00,62.24,2.82,97.03
M006,2026-06-10 06:00:00,58.83,3.28,104.81
M006,2026-06-10 12:00:00,61.92,3.49,103.11
M006,2026-06-10 18:00:00,60.43,2.91,102.7
M006,2026-06-11 00:00:00,62.65,2.82,97.82
M006,2026-06-11 06:00:00,63.67,2.97,91.41
M006,2026-06-11 12:00:00,62.19,3.13,99.76
M006,2026-06-11 18:00:00,65.35,3.22,100.46
M006,2026-06-12 00:00:00,64.94,3.21,106.14
M006,2026-06-12 06:00:00,60.3,2.92,101.57
M006,2026-06-12 12:00:00,65.34,3.14,96.7
M006,2026-06-12 18:00:00,66.35,2.97,100.75
M006,2026-06-13 00:00:00,65.46,3.07,97.86
M006,2026-06-13 06:00:00,61.72,3.48,102.91
M006,2026-06-13 12:00:00,62.9,3.77,99.83
M006,2026-06-13 18:00:00,65.42,3.08,106.73
M006,2026-06-14 00:00:00,65.97,3.17,104.03
M006,2026-06-14 06:00:00,65.6,3.67,92.29
M006,2026-06-14 12:00:00,64.27,3.37,101.14
M006,2026-06-14 18:00:00,63.27,3.28,103.58
M006,2026-06-15 00:00:00,63.91,3.27,103.15
M006,2026-06-15 06:00:00,63.67,3.36,105.33
M006,2026-06-15 12:00:00,61.96,2.75,99.95
M006,2026-06-15 18:00:00,63.26,3.42,100.05
M006,2026-06-16 00:00:00,64.34,3.96,102.14
M006,2026-06-16 06:00:00,64.79,3.17,95.58
M006,2026-06-16 12:00:00,58.24,3.05,91.99
M006,2026-06-16 18:00:00,63.86,3.09,95.79
M006,2026-06-17 00:00:00,63.09,2.98,101.08
M006,2026-06-17 06:00:00,64.25,2.99,99.02
M006,2026-06-17 12:00:00,63.26,2.78,100.38
M006,2026-06-17 18:00:00,59.97,3.37,98.43
M006,2026-06-18 00:00:00,59.96,3.03,98.12
M006,2026-06-18 06:00:00,64.97,3.26,96.86
M006,2026-06-18 12:00:00,66.13,3.39,98.72
M006,2026-06-18 18:00:00,59.72,3.08,99.07
M006,2026-06-19 00:00:00,63.57,3.39,102.15
M006,2026-06-19 06:00:00,59.61,3.27,99.25
M006,2026-06-19 12:00:00,68.19,3.22,97.86
M006,2026-06-19 18:00:00,63.05,3.2,93.76
M006,2026-06-20 00:00:00,63.65,3.11,99.65
M006,2026-06-20 06:00:00,61.09,2.88,102.37
M006,2026-06-20 12:00:00,65.05,3.33,94.3
M006,2026-06-20 18:00:00,63.8,2.67,97.75
M006,2026-06-21 00:00:00,64.56,3.4,101.1
M006,2026-06-21 06:00:00,65.46,3.37,93.67
M006,2026-06-21 12:00:00,62.09,3.19,99.26
M006,2026-06-21 18:00:00,61.6,2.9,106.93
M006,2026-06-22 00:00:00,62.05,3.91,96.31
M006,2026-06-22 06:00:00,64.15,3.27,96.97
M006,2026-06-22 12:00:00,61.9,3.2,97.2
M006,2026-06-22 18:00:00,62.32,2.5,101.87
M006,2026-06-23 00:00:00,65.29,3.34,106.52
M006,2026-06-23 06:00:00,64.2,3.55,103.45
M006,2026-06-23 12:00:00,57.33,3.33,95.58
M006,2026-06-23 18:00:00,60.47,2.9,98.79
M006,2026-06-24 00:00:00,64.13,3.34,99.69
M006,2026-06-24 06:00:00,64.28,3.44,101.06
M006,2026-06-24 12:00:00,59.38,2.98,99.81
M006,2026-06-24 18:00:00,64.3,2.81,99.7
M006,2026-06-25 00:00:00,59.7,3.51,100.46
M006,2026-06-25 06:00:00,60.14,2.8,100.89
M006,2026-06-25 12:00:00,65.58,2.88,102.09
M006,2026-06-25 18:00:00,61.75,3.45,101.78
M006,2026-06-26 00:00:00,63.14,2.65,101.77
M006,2026-06-26 06:00:00,63.84,3.33,100.32
M006,2026-06-26 12:00:00,61.07,3.53,102.43
M006,2026-06-26 18:00:00,60.68,3.6,100.13
M006,2026-06-27 00:00:00,63.09,3.15,99.5
M006,2026-06-27 06:00:00,65.57,3.51,102.77
M006,2026-06-27 12:00:00,63.2,3.47,97.23
M006,2026-06-27 18:00:00,64.0,3.16,93.55
M006,2026-06-28 00:00:00,59.66,3.01,100.98
M006,2026-06-28 06:00:00,61.51,3.03,102.02
M006,2026-06-28 12:00:00,61.72,3.6,103.23
M006,2026-06-28 18:00:00,62.88,3.43,101.58
M006,2026-06-29 00:00:00,62.34,3.46,102.76
M006,2026-06-29 06:00:00,60.93,3.25,100.16
M006,2026-06-29 12:00:00,64.53,3.07,97.94
M006,2026-06-29 18:00:00,63.17,3.56,96.13
M006,2026-06-30 00:00:00,60.78,3.05,98.7
M006,2026-06-30 06:00:00,59.3,3.65,99.34
M006,2026-06-30 12:00:00,62.27,3.69,101.88
M006,2026-06-30 18:00:00,61.76,3.25,99.61
M006,2026-07-01 00:00:00,65.73,3.15,95.41
M006,2026-07-01 06:00:00,59.08,3.65,97.37
M006,2026-07-01 12:00:00,64.17,3.23,98.48
M006,2026-07-01 18:00:00,62.31,3.68,95.39
M006,2026-07-02 00:00:00,62.06,3.48,95.88
M006,2026-07-02 06:00:00,65.47,3.47,100.55
M006,2026-07-02 12:00:00,61.83,2.78,101.85
M006,2026-07-02 18:00:00,68.33,3.25,94.25
M006,2026-07-03 00:00:00,63.75,3.46,96.98
M006,2026-07-03 06:00:00,61.54,2.98,98.14
M006,2026-07-03 12:00:00,62.49,2.95,96.02
M006,2026-07-03 18:00:00,63.18,3.15,98.42
M006,2026-07-04 00:00:00,63.0,2.75,100.52
M006,2026-07-04 06:00:00,62.0,3.28,100.93
M006,2026-07-04 12:00:00,65.09,3.24,102.93
M006,2026-07-04 18:00:00,62.19,3.12,99.46
M006,2026-07-05 00:00:00,64.38,3.39,100.14
M006,2026-07-05 06:00:00,60.38,3.39,97.15
M006,2026-07-05 12:00:00,61.0,2.86,99.48
M006,2026-07-05 18:00:00,65.26,2.92,104.77
M006,2026-07-06 00:00:00,64.65,2.77,98.58
M006,2026-07-06 06:00:00,60.75,3.4,96.77
M006,2026-07-06 12:00:00,59.59,3.11,103.24
M006,2026-07-06 18:00:00,62.45,3.32,101.04
M006,2026-07-07 00:00:00,59.81,2.94,99.75
M006,2026-07-07 06:00:00,61.72,3.72,96.05
M006,2026-07-07 12:00:00,61.01,3.29,97.85
M006,2026-07-07 18:00:00,57.05,3.79,96.51
M006,2026-07-08 00:00:00,63.95,2.83,97.14
M006,2026-07-08 06:00:00,59.59,2.98,97.8
M006,2026-07-08 12:00:00,62.57,3.09,95.41
M006,2026-07-08 18:00:00,61.78,3.64,103.72
M006,2026-07-09 00:00:00,63.74,3.4,105.91
M006,2026-07-09 06:00:00,63.97,3.4,95.04
M006,2026-07-09 12:00:00,60.61,3.2,97.31
M006,2026-07-09 18:00:00,60.84,2.94,95.46
M006,2026-07-10 00:00:00,61.25,3.31,105.12
M006,2026-07-10 06:00:00,64.43,3.4,94.86
M006,2026-07-10 12:00:00,63.07,3.18,100.6
M006,2026-07-10 18:00:00,62.11,3.7,99.89
M006,2026-07-11 00:00:00,63.13,2.62,99.41
M006,2026-07-11 06:00:00,65.13,3.37,93.26
M006,2026-07-11 12:00:00,61.93,3.72,99.28
M006,2026-07-11 18:00:00,63.48,3.69,99.27
M006,2026-07-12 00:00:00,64.41,3.33,101.61
M006,2026-07-12 06:00:00,63.59,3.04,98.39
M006,2026-07-12 12:00:00,61.12,2.71,103.46
M006,2026-07-12 18:00:00,62.85,3.56,104.43
M006,2026-07-13 00:00:00,62.94,2.81,99.14
M006,2026-07-13 06:00:00,61.49,2.61,98.23
M006,2026-07-13 12:00:00,62.69,3.01,97.42
M006,2026-07-13 18:00:00,60.28,3.26,105.34
M006,2026-07-14 00:00:00,65.39,3.4,101.76
M006,2026-07-14 06:00:00,62.57,2.66,98.62
M006,2026-07-14 12:00:00,60.89,3.25,103.43
M006,2026-07-14 18:00:00,66.78,3.22,94.73
M006,2026-07-15 00:00:00,62.96,3.23,101.77
M006,2026-07-15 06:00:00,62.79,3.22,97.84
M006,2026-07-15 12:00:00,62.21,3.36,93.71
M006,2026-07-15 18:00:00,62.2,3.41,104.65
M006,2026-07-16 00:00:00,62.04,3.56,104.8
M006,2026-07-16 06:00:00,62.06,3.04,99.19
M006,2026-07-16 12:00:00,62.67,3.53,97.41
M006,2026-07-16 18:00:00,65.91,2.96,95.94
M006,2026-07-17 00:00:00,63.88,3.57,100.27
M006,2026-07-17 06:00:00,63.7,3.79,103.47
M006,2026-07-17 12:00:00,62.89,3.08,103.02
M006,2026-07-17 18:00:00,64.49,3.33,98.75
M006,2026-07-18 00:00:00,62.68,3.16,98.8
M006,2026-07-18 06:00:00,61.63,3.28,97.79
M006,2026-07-18 12:00:00,63.19,2.57,97.93
M006,2026-07-18 18:00:00,65.03,2.93,101.51
M006,2026-07-19 00:00:00,61.2,3.44,98.84
M006,2026-07-19 06:00:00,62.16,3.22,95.7
M006,2026-07-19 12:00:00,64.78,3.6,98.65
M006,2026-07-19 18:00:00,63.88,3.44,99.46
M006,2026-07-20 00:00:00,60.62,3.68,98.55
M006,2026-07-20 06:00:00,61.61,3.7,101.56
M006,2026-07-20 12:00:00,63.35,2.91,102.14
M006,2026-07-20 18:00:00,68.63,3.47,101.22
M006,2026-07-21 00:00:00,64.27,3.11,98.72
M006,2026-07-21 06:00:00,62.13,3.03,98.67
M006,2026-07-21 12:00:00,62.12,3.13,98.91
M006,2026-07-21 18:00:00,63.32,3.23,100.23
M006,2026-07-22 00:00:00,65.88,3.23,106.36
M006,2026-07-22 06:00:00,63.54,3.07,103.78
M006,2026-07-22 12:00:00,62.67,2.49,99.72
M006,2026-07-22 18:00:00,62.33,3.69,97.04
M006,2026-07-23 00:00:00,62.17,3.59,100.91
M006,2026-07-23 06:00:00,62.49,2.98,100.79
M006,2026-07-23 12:00:00,62.77,2.97,97.58
M006,2026-07-23 18:00:00,61.2,2.91,102.53
M006,2026-07-24 00:00:00,64.43,3.49,99.74
M006,2026-07-24 06:00:00,62.35,3.14,102.79
M006,2026-07-24 12:00:00,59.19,3.05,97.07
M006,2026-07-24 18:00:00,65.55,3.06,94.82
M006,2026-07-25 00:00:00,63.28,3.09,98.06
M006,2026-07-25 06:00:00,61.51,3.0,101.86
M006,2026-07-25 12:00:00,63.28,3.15,96.44
M006,2026-07-25 18:00:00,62.49,3.28,100.63
M006,2026-07-26 00:00:00,63.15,2.93,92.52
M006,2026-07-26 06:00:00,66.43,2.81,93.84
M006,2026-07-26 12:00:00,63.09,2.69,97.32
M006,2026-07-26 18:00:00,63.93,3.74,100.89
M006,2026-07-27 00:00:00,61.95,3.19,94.31
M006,2026-07-27 06:00:00,61.93,3.07,100.19
M006,2026-07-27 12:00:00,66.72,2.62,98.51
M006,2026-07-27 18:00:00,59.17,3.05,97.14
M006,2026-07-28 00:00:00,59.84,3.48,100.5
M006,2026-07-28 06:00:00,64.42,3.05,99.52
M006,2026-07-28 12:00:00,66.02,3.2,102.16
M006,2026-07-28 18:00:00,61.6,3.42,98.08
M006,2026-07-29 00:00:00,59.04,3.2,98.32
M006,2026-07-29 06:00:00,59.58,3.26,97.05
M006,2026-07-29 12:00:00,69.02,2.77,96.09
M006,2026-07-29 18:00:00,64.57,3.16,102.28
M006,2026-07-30 00:00:00,63.59,3.03,95.59
M006,2026-07-30 06:00:00,64.97,2.82,101.41
M006,2026-07-30 12:00:00,64.67,3.17,98.82
M006,2026-07-30 18:00:00,60.86,3.34,90.59
M007,2026-06-01 00:00:00,60.25,3.03,101.54
M007,2026-06-01 06:00:00,60.36,3.9,100.48
M007,2026-06-01 12:00:00,59.8,2.98,97.98
M007,2026-06-01 18:00:00,59.49,3.41,100.31
M007,2026-06-02 00:00:00,57.43,3.48,99.44
M007,2026-06-02 06:00:00,62.35,2.99,98.41
M007,2026-06-02 12:00:00,63.14,3.5,96.81
M007,2026-06-02 18:00:00,63.02,3.19,92.57
M007,2026-06-03 00:00:00,60.35,3.57,100.27
M007,2026-06-03 06:00:00,61.81,3.66,100.29
M007,2026-06-03 12:00:00,60.07,3.36,101.01
M007,2026-06-03 18:00:00,58.33,3.53,95.0
M007,2026-06-04 00:00:00,62.97,3.4,97.16
M007,2026-06-04 06:00:00,64.22,3.08,97.79
M007,2026-06-04 12:00:00,60.41,3.57,102.93
M007,2026-06-04 18:00:00,59.56,3.05,94.71
M007,2026-06-05 00:00:00,60.32,3.43,97.48
M007,2026-06-05 06:00:00,64.39,3.9,101.04
M007,2026-06-05 12:00:00,65.81,3.66,100.46
M007,2026-06-05 18:00:00,62.39,3.6,98.32
M007,2026-06-06 00:00:00,60.0,3.04,96.73
M007,2026-06-06 06:00:00,61.93,3.44,93.93
M007,2026-06-06 12:00:00,60.46,3.35,96.94
M007,2026-06-06 18:00:00,61.78,3.63,95.63
M007,2026-06-07 00:00:00,62.77,3.76,98.08
M007,2026-06-07 06:00:00,62.14,3.71,93.83
M007,2026-06-07 12:00:00,62.92,3.18,95.04
M007,2026-06-07 18:00:00,61.2,2.77,97.65
M007,2026-06-08 00:00:00,62.79,2.93,100.38
M007,2026-06-08 06:00:00,59.43,3.48,95.45
M007,2026-06-08 12:00:00,61.97,3.73,99.05
M007,2026-06-08 18:00:00,60.82,3.28,96.9
M007,2026-06-09 00:00:00,62.15,3.63,98.76
M007,2026-06-09 06:00:00,58.28,3.42,95.2
M007,2026-06-09 12:00:00,62.17,3.19,98.46
M007,2026-06-09 18:00:00,60.28,2.86,99.9
M007,2026-06-10 00:00:00,60.81,3.81,92.1
M007,2026-06-10 06:00:00,60.27,3.36,97.91
M007,2026-06-10 12:00:00,58.21,3.59,102.83
M007,2026-06-10 18:00:00,61.81,3.45,92.96
M007,2026-06-11 00:00:00,59.32,3.41,95.5
M007,2026-06-11 06:00:00,62.92,3.59,105.17
M007,2026-06-11 12:00:00,58.91,3.44,92.94
M007,2026-06-11 18:00:00,56.43,3.65,98.58
M007,2026-06-12 00:00:00,59.18,3.46,95.19
M007,2026-06-12 06:00:00,59.9,3.34,94.39
M007,2026-06-12 12:00:00,59.45,3.22,98.35
M007,2026-06-12 18:00:00,55.34,3.36,93.82
M007,2026-06-13 00:00:00,58.8,3.28,97.03
M007,2026-06-13 06:00:00,60.47,3.12,99.24
M007,2026-06-13 12:00:00,59.1,3.21,97.93
M007,2026-06-13 18:00:00,61.54,3.25,88.27
M007,2026-06-14 00:00:00,59.15,3.49,99.13
M007,2026-06-14 06:00:00,60.76,3.29,103.95
M007,2026-06-14 12:00:00,60.17,3.62,93.06
M007,2026-06-14 18:00:00,58.74,3.63,100.2
M007,2026-06-15 00:00:00,60.15,2.89,96.56
M007,2026-06-15 06:00:00,61.31,3.47,95.37
M007,2026-06-15 12:00:00,60.63,3.22,93.72
M007,2026-06-15 18:00:00,62.44,3.47,96.61
M007,2026-06-16 00:00:00,59.93,3.39,97.53
M007,2026-06-16 06:00:00,64.4,3.64,95.05
M007,2026-06-16 12:00:00,59.64,3.2,96.45
M007,2026-06-16 18:00:00,59.32,3.59,89.12
M007,2026-06-17 00:00:00,62.03,3.53,100.83
M007,2026-06-17 06:00:00,62.72,3.24,99.34
M007,2026-06-17 12:00:00,60.63,2.87,97.52
M007,2026-06-17 18:00:00,59.71,3.45,102.0
M007,2026-06-18 00:00:00,61.43,3.14,99.93
M007,2026-06-18 06:00:00,61.7,3.11,92.22
M007,2026-06-18 12:00:00,59.02,3.7,96.13
M007,2026-06-18 18:00:00,61.14,3.05,99.63
M007,2026-06-19 00:00:00,56.96,3.26,98.28
M007,2026-06-19 06:00:00,58.75,3.64,94.42
M007,2026-06-19 12:00:00,58.54,3.84,97.49
M007,2026-06-19 18:00:00,62.03,3.76,89.17
M007,2026-06-20 00:00:00,62.28,3.23,95.13
M007,2026-06-20 06:00:00,61.88,3.35,98.81
M007,2026-06-20 12:00:00,60.93,3.51,95.55
M007,2026-06-20 18:00:00,58.88,3.23,96.71
M007,2026-06-21 00:00:00,64.7,3.9,95.05
M007,2026-06-21 06:00:00,61.14,3.37,97.4
M007,2026-06-21 12:00:00,61.54,3.62,88.31
M007,2026-06-21 18:00:00,61.75,3.34,94.9
M007,2026-06-22 00:00:00,62.63,3.9,99.07
M007,2026-06-22 06:00:00,60.0,3.14,87.99
M007,2026-06-22 12:00:00,61.4,3.64,96.7
M007,2026-06-22 18:00:00,62.9,3.07,96.49
M007,2026-06-23 00:00:00,60.55,3.43,100.5
M007,2026-06-23 06:00:00,60.84,3.38,94.19
M007,2026-06-23 12:00:00,63.71,3.04,95.34
M007,2026-06-23 18:00:00,64.44,3.6,96.94
M007,2026-06-24 00:00:00,61.11,3.18,96.79
M007,2026-06-24 06:00:00,60.37,3.52,92.47
M007,2026-06-24 12:00:00,61.86,3.77,96.38
M007,2026-06-24 18:00:00,62.36,3.56,95.17
M007,2026-06-25 00:00:00,58.96,3.2,97.86
M007,2026-06-25 06:00:00,60.97,3.85,99.36
M007,2026-06-25 12:00:00,62.66,3.55,94.1
M007,2026-06-25 18:00:00,61.73,3.49,93.57
M007,2026-06-26 00:00:00,63.52,3.8,93.54
M007,2026-06-26 06:00:00,59.82,3.31,98.81
M007,2026-06-26 12:00:00,62.09,3.49,97.8
M007,2026-06-26 18:00:00,58.52,3.59,96.67
M007,2026-06-27 00:00:00,59.75,3.02,97.05
M007,2026-06-27 06:00:00,61.83,2.97,97.02
M007,2026-06-27 12:00:00,61.36,3.31,98.11
M007,2026-06-27 18:00:00,60.85,3.56,98.57
M007,2026-06-28 00:00:00,62.2,3.78,97.98
M007,2026-06-28 06:00:00,60.17,3.29,93.77
M007,2026-06-28 12:00:00,61.43,3.88,95.89
M007,2026-06-28 18:00:00,62.03,3.25,97.55
M007,2026-06-29 00:00:00,63.66,3.69,92.24
M007,2026-06-29 06:00:00,62.28,3.67,97.47
M007,2026-06-29 12:00:00,62.48,3.23,97.14
M007,2026-06-29 18:00:00,63.36,3.79,98.6
M007,2026-06-30 00:00:00,59.39,3.17,97.29
M007,2026-06-30 06:00:00,61.52,3.46,94.53
M007,2026-06-30 12:00:00,62.03,3.52,97.82
M007,2026-06-30 18:00:00,62.34,3.4,95.48
M007,2026-07-01 00:00:00,63.39,3.26,95.53
M007,2026-07-01 06:00:00,63.64,3.32,96.64
M007,2026-07-01 12:00:00,60.35,2.95,96.57
M007,2026-07-01 18:00:00,59.15,3.56,100.26
M007,2026-07-02 00:00:00,56.76,3.37,98.29
M007,2026-07-02 06:00:00,56.82,3.89,98.07
M007,2026-07-02 12:00:00,63.35,3.32,95.6
M007,2026-07-02 18:00:00,60.86,4.13,100.89
M007,2026-07-03 00:00:00,61.47,3.57,98.83
M007,2026-07-03 06:00:00,65.98,3.61,97.06
M007,2026-07-03 12:00:00,60.52,3.56,95.16
M007,2026-07-03 18:00:00,62.19,3.06,96.14
M007,2026-07-04 00:00:00,62.69,3.61,95.53
M007,2026-07-04 06:00:00,60.75,3.81,93.29
M007,2026-07-04 12:00:00,58.81,3.22,96.88
M007,2026-07-04 18:00:00,58.5,3.78,94.14
M007,2026-07-05 00:00:00,61.68,3.33,96.71
M007,2026-07-05 06:00:00,58.03,3.8,94.02
M007,2026-07-05 12:00:00,59.1,4.21,98.57
M007,2026-07-05 18:00:00,63.16,3.64,95.55
M007,2026-07-06 00:00:00,58.63,3.41,93.97
M007,2026-07-06 06:00:00,59.41,3.03,97.25
M007,2026-07-06 12:00:00,64.39,3.67,96.58
M007,2026-07-06 18:00:00,61.17,2.59,95.63
M007,2026-07-07 00:00:00,58.41,3.55,96.11
M007,2026-07-07 06:00:00,59.52,3.54,97.2
M007,2026-07-07 12:00:00,64.3,3.71,97.55
M007,2026-07-07 18:00:00,59.37,3.18,98.69
M007,2026-07-08 00:00:00,60.88,3.58,99.82
M007,2026-07-08 06:00:00,58.25,3.93,99.79
M007,2026-07-08 12:00:00,57.17,4.22,97.85
M007,2026-07-08 18:00:00,60.32,3.67,93.95
M007,2026-07-09 00:00:00,62.38,3.27,102.94
M007,2026-07-09 06:00:00,61.41,3.71,94.52
M007,2026-07-09 12:00:00,62.92,3.51,92.64
M007,2026-07-09 18:00:00,60.81,4.09,99.46
M007,2026-07-10 00:00:00,60.55,2.95,94.37
M007,2026-07-10 06:00:00,58.49,2.96,99.23
M007,2026-07-10 12:00:00,61.43,4.05,93.88
M007,2026-07-10 18:00:00,61.3,3.1,95.09
M007,2026-07-11 00:00:00,60.88,3.41,97.02
M007,2026-07-11 06:00:00,63.26,3.78,94.56
M007,2026-07-11 12:00:00,61.26,3.76,99.97
M007,2026-07-11 18:00:00,60.0,3.73,97.86
M007,2026-07-12 00:00:00,59.2,3.76,97.31
M007,2026-07-12 06:00:00,57.85,3.43,96.98
M007,2026-07-12 12:00:00,60.13,3.89,100.65
M007,2026-07-12 18:00:00,60.57,3.37,96.46
M007,2026-07-13 00:00:00,60.95,3.35,85.72
M007,2026-07-13 06:00:00,64.86,3.52,96.31
M007,2026-07-13 12:00:00,62.0,3.5,95.56
M007,2026-07-13 18:00:00,59.34,2.97,92.79
M007,2026-07-14 00:00:00,59.13,3.72,99.02
M007,2026-07-14 06:00:00,59.6,2.73,96.87
M007,2026-07-14 12:00:00,60.52,3.39,99.71
M007,2026-07-14 18:00:00,61.64,3.23,93.22
M007,2026-07-15 00:00:00,60.86,3.26,96.62
M007,2026-07-15 06:00:00,63.43,3.12,97.1
M007,2026-07-15 12:00:00,63.21,3.5,99.0
M007,2026-07-15 18:00:00,60.81,3.58,98.16
M007,2026-07-16 00:00:00,60.25,4.13,98.56
M007,2026-07-16 06:00:00,64.0,3.85,97.81
M007,2026-07-16 12:00:00,64.17,3.59,94.64
M007,2026-07-16 18:00:00,61.43,3.23,90.52
M007,2026-07-17 00:00:00,59.71,3.56,100.0
M007,2026-07-17 06:00:00,59.7,3.84,93.19
M007,2026-07-17 12:00:00,59.57,3.97,96.96
M007,2026-07-17 18:00:00,61.06,3.61,93.2
M007,2026-07-18 00:00:00,60.77,3.54,100.51
M007,2026-07-18 06:00:00,58.09,4.07,96.44
M007,2026-07-18 12:00:00,59.21,3.15,97.63
M007,2026-07-18 18:00:00,58.73,3.37,96.06
M007,2026-07-19 00:00:00,63.73,3.85,94.88
M007,2026-07-19 06:00:00,61.02,3.06,90.69
M007,2026-07-19 12:00:00,58.98,3.88,99.14
M007,2026-07-19 18:00:00,62.21,3.11,94.67
M007,2026-07-20 00:00:00,59.74,3.5,96.11
M007,2026-07-20 06:00:00,59.45,3.65,97.48
M007,2026-07-20 12:00:00,60.0,3.64,100.17
M007,2026-07-20 18:00:00,64.31,3.69,98.18
M007,2026-07-21 00:00:00,60.99,3.86,93.58
M007,2026-07-21 06:00:00,63.3,3.46,101.26
M007,2026-07-21 12:00:00,62.65,3.53,96.08
M007,2026-07-21 18:00:00,62.52,3.69,95.59
M007,2026-07-22 00:00:00,61.67,3.82,92.69
M007,2026-07-22 06:00:00,62.94,3.71,100.34
M007,2026-07-22 12:00:00,60.06,3.55,97.4
M007,2026-07-22 18:00:00,62.96,3.68,93.06
M007,2026-07-23 00:00:00,62.08,4.16,98.61
M007,2026-07-23 06:00:00,64.78,3.87,100.86
M007,2026-07-23 12:00:00,62.12,3.71,97.54
M007,2026-07-23 18:00:00,61.51,3.78,95.21
M007,2026-07-24 00:00:00,65.29,3.28,99.2
M007,2026-07-24 06:00:00,64.27,3.5,93.43
M007,2026-07-24 12:00:00,63.83,3.62,99.21
M007,2026-07-24 18:00:00,61.3,4.08,90.42
M007,2026-07-25 00:00:00,62.28,3.96,97.08
M007,2026-07-25 06:00:00,62.14,3.43,96.82
M007,2026-07-25 12:00:00,58.19,3.34,94.4
M007,2026-07-25 18:00:00,62.87,3.39,95.13
M007,2026-07-26 00:00:00,60.79,3.34,97.56
M007,2026-07-26 06:00:00,62.3,3.81,98.71
M007,2026-07-26 12:00:00,62.65,3.46,95.57
M007,2026-07-26 18:00:00,59.8,3.3,97.33
M007,2026-07-27 00:00:00,60.12,4.01,96.63
M007,2026-07-27 06:00:00,64.56,3.74,94.41
M007,2026-07-27 12:00:00,61.44,3.06,97.32
M007,2026-07-27 18:00:00,60.19,3.23,101.31
M007,2026-07-28 00:00:00,63.64,3.87,99.08
M007,2026-07-28 06:00:00,59.11,3.45,95.72
M007,2026-07-28 12:00:00,58.16,3.4,95.1
M007,2026-07-28 18:00:00,61.83,4.33,96.67
M007,2026-07-29 00:00:00,61.84,3.5,98.94
M007,2026-07-29 06:00:00,59.44,4.14,96.36
M007,2026-07-29 12:00:00,60.8,3.86,94.06
M007,2026-07-29 18:00:00,63.03,3.99,96.01
M007,2026-07-30 00:00:00,65.71,3.77,98.69
M007,2026-07-30 06:00:00,64.34,4.06,97.51
M007,2026-07-30 12:00:00,63.2,3.99,93.24
M007,2026-07-30 18:00:00,58.15,3.56,91.46
M008,2026-06-01 00:00:00,63.71,2.14,83.78
M008,2026-06-01 06:00:00,60.6,2.53,85.13
M008,2026-06-01 12:00:00,61.2,2.16,87.19
M008,2026-06-01 18:00:00,63.42,2.3,85.67
M008,2026-06-02 00:00:00,60.83,2.53,80.41
M008,2026-06-02 06:00:00,64.31,2.43,84.87
M008,2026-06-02 12:00:00,64.09,2.17,86.63
M008,2026-06-02 18:00:00,65.37,2.01,87.55
M008,2026-06-03 00:00:00,66.78,2.33,84.01
M008,2026-06-03 06:00:00,67.92,2.28,86.22
M008,2026-06-03 12:00:00,63.9,2.39,84.51
M008,2026-06-03 18:00:00,63.78,2.54,84.4
M008,2026-06-04 00:00:00,62.57,2.17,82.22
M008,2026-06-04 06:00:00,62.05,2.04,85.52
M008,2026-06-04 12:00:00,65.08,2.69,85.69
M008,2026-06-04 18:00:00,64.33,2.33,79.24
M008,2026-06-05 00:00:00,61.13,2.49,88.08
M008,2026-06-05 06:00:00,65.1,2.2,79.52
M008,2026-06-05 12:00:00,61.37,1.99,87.4
M008,2026-06-05 18:00:00,62.71,2.76,89.91
M008,2026-06-06 00:00:00,66.79,1.99,86.97
M008,2026-06-06 06:00:00,62.49,2.36,83.08
M008,2026-06-06 12:00:00,65.89,2.02,79.66
M008,2026-06-06 18:00:00,67.51,2.39,82.29
M008,2026-06-07 00:00:00,63.13,2.09,85.51
M008,2026-06-07 06:00:00,65.06,2.46,86.26
M008,2026-06-07 12:00:00,63.47,2.59,79.72
M008,2026-06-07 18:00:00,61.96,1.97,88.51
M008,2026-06-08 00:00:00,61.99,1.88,87.13
M008,2026-06-08 06:00:00,61.65,2.16,92.63
M008,2026-06-08 12:00:00,65.05,2.2,85.12
M008,2026-06-08 18:00:00,65.29,2.47,85.71
M008,2026-06-09 00:00:00,63.69,1.83,80.41
M008,2026-06-09 06:00:00,63.13,2.08,87.24
M008,2026-06-09 12:00:00,63.88,2.04,85.97
M008,2026-06-09 18:00:00,62.65,2.89,86.64
M008,2026-06-10 00:00:00,60.38,2.82,83.57
M008,2026-06-10 06:00:00,61.55,2.92,86.51
M008,2026-06-10 12:00:00,64.9,2.49,84.85
M008,2026-06-10 18:00:00,62.36,2.15,90.3
M008,2026-06-11 00:00:00,63.92,2.67,85.23
M008,2026-06-11 06:00:00,62.01,1.84,87.41
M008,2026-06-11 12:00:00,66.91,2.01,87.0
M008,2026-06-11 18:00:00,60.77,2.11,86.27
M008,2026-06-12 00:00:00,60.08,2.27,82.95
M008,2026-06-12 06:00:00,64.74,2.23,88.27
M008,2026-06-12 12:00:00,62.97,1.87,81.0
M008,2026-06-12 18:00:00,59.71,2.47,93.13
M008,2026-06-13 00:00:00,64.42,2.78,88.85
M008,2026-06-13 06:00:00,62.51,2.66,84.01
M008,2026-06-13 12:00:00,62.63,2.22,84.97
M008,2026-06-13 18:00:00,64.87,2.08,88.12
M008,2026-06-14 00:00:00,65.31,2.39,91.26
M008,2026-06-14 06:00:00,66.14,2.61,85.64
M008,2026-06-14 12:00:00,64.27,2.44,85.48
M008,2026-06-14 18:00:00,62.81,1.56,87.59
M008,2026-06-15 00:00:00,65.66,1.94,87.25
M008,2026-06-15 06:00:00,62.39,2.18,89.37
M008,2026-06-15 12:00:00,61.6,1.99,90.85
M008,2026-06-15 18:00:00,63.29,2.66,80.64
M008,2026-06-16 00:00:00,60.56,2.02,83.98
M008,2026-06-16 06:00:00,60.79,2.4,86.73
M008,2026-06-16 12:00:00,61.8,2.04,83.37
M008,2026-06-16 18:00:00,61.26,1.42,85.17
M008,2026-06-17 00:00:00,62.75,2.2,82.38
M008,2026-06-17 06:00:00,65.23,3.02,82.92
M008,2026-06-17 12:00:00,66.41,2.4,85.53
M008,2026-06-17 18:00:00,62.92,2.27,88.87
M008,2026-06-18 00:00:00,61.35,2.21,89.16
M008,2026-06-18 06:00:00,65.59,1.96,84.86
M008,2026-06-18 12:00:00,65.08,2.5,88.34
M008,2026-06-18 18:00:00,64.39,2.46,86.44
M008,2026-06-19 00:00:00,66.8,2.17,85.55
M008,2026-06-19 06:00:00,61.61,1.94,86.38
M008,2026-06-19 12:00:00,62.19,2.28,90.26
M008,2026-06-19 18:00:00,66.76,2.97,90.32
M008,2026-06-20 00:00:00,68.46,2.43,82.69
M008,2026-06-20 06:00:00,61.65,2.72,85.55
M008,2026-06-20 12:00:00,63.9,2.14,84.11
M008,2026-06-20 18:00:00,64.42,1.99,86.17
M008,2026-06-21 00:00:00,66.69,1.67,80.77
M008,2026-06-21 06:00:00,65.02,2.71,83.92
M008,2026-06-21 12:00:00,59.67,2.74,82.96
M008,2026-06-21 18:00:00,62.94,2.4,83.39
M008,2026-06-22 00:00:00,61.93,2.05,90.96
M008,2026-06-22 06:00:00,66.0,2.48,78.82
M008,2026-06-22 12:00:00,64.84,2.47,81.55
M008,2026-06-22 18:00:00,64.2,2.62,87.09
M008,2026-06-23 00:00:00,62.34,2.32,87.57
M008,2026-06-23 06:00:00,63.82,2.69,86.56
M008,2026-06-23 12:00:00,65.2,2.56,82.17
M008,2026-06-23 18:00:00,63.8,2.21,88.51
M008,2026-06-24 00:00:00,64.64,2.26,81.52
M008,2026-06-24 06:00:00,60.52,2.41,83.21
M008,2026-06-24 12:00:00,65.04,1.82,90.15
M008,2026-06-24 18:00:00,65.04,2.34,90.42
M008,2026-06-25 00:00:00,65.62,2.18,85.59
M008,2026-06-25 06:00:00,59.8,2.64,84.47
M008,2026-06-25 12:00:00,59.77,1.96,87.97
M008,2026-06-25 18:00:00,66.95,2.32,82.41
M008,2026-06-26 00:00:00,60.9,2.74,86.7
M008,2026-06-26 06:00:00,63.08,2.15,87.37
M008,2026-06-26 12:00:00,65.03,2.05,81.92
M008,2026-06-26 18:00:00,61.56,2.18,83.28
M008,2026-06-27 00:00:00,66.99,2.17,81.6
M008,2026-06-27 06:00:00,61.37,2.27,79.88
M008,2026-06-27 12:00:00,63.64,1.92,88.82
M008,2026-06-27 18:00:00,63.99,2.96,84.66
M008,2026-06-28 00:00:00,57.51,2.76,86.84
M008,2026-06-28 06:00:00,65.09,2.03,85.21
M008,2026-06-28 12:00:00,64.15,2.26,80.13
M008,2026-06-28 18:00:00,69.31,2.58,86.6
M008,2026-06-29 00:00:00,66.42,2.52,83.3
M008,2026-06-29 06:00:00,66.29,2.59,83.41
M008,2026-06-29 12:00:00,65.37,2.26,85.95
M008,2026-06-29 18:00:00,64.99,2.74,83.39
M008,2026-06-30 00:00:00,64.53,2.94,84.79
M008,2026-06-30 06:00:00,64.2,2.94,87.23
M008,2026-06-30 12:00:00,60.85,2.09,87.39
M008,2026-06-30 18:00:00,64.65,2.38,91.81
M008,2026-07-01 00:00:00,62.58,2.31,79.42
M008,2026-07-01 06:00:00,66.14,2.1,88.49
M008,2026-07-01 12:00:00,65.72,3.04,87.26
M008,2026-07-01 18:00:00,63.11,2.47,83.04
M008,2026-07-02 00:00:00,64.47,2.28,85.1
M008,2026-07-02 06:00:00,62.04,2.43,87.78
M008,2026-07-02 12:00:00,60.53,2.13,85.81
M008,2026-07-02 18:00:00,59.14,2.86,83.17
M008,2026-07-03 00:00:00,61.97,2.28,85.71
M008,2026-07-03 06:00:00,62.33,2.64,86.5
M008,2026-07-03 12:00:00,62.17,2.18,80.75
M008,2026-07-03 18:00:00,61.34,2.46,82.82
M008,2026-07-04 00:00:00,67.47,2.37,81.23
M008,2026-07-04 06:00:00,61.58,2.66,85.06
M008,2026-07-04 12:00:00,65.85,2.23,83.61
M008,2026-07-04 18:00:00,66.1,2.09,86.76
M008,2026-07-05 00:00:00,63.45,2.61,90.74
M008,2026-07-05 06:00:00,63.09,2.18,87.28
M008,2026-07-05 12:00:00,61.71,2.83,89.62
M008,2026-07-05 18:00:00,61.88,1.87,81.8
M008,2026-07-06 00:00:00,61.6,2.59,89.92
M008,2026-07-06 06:00:00,65.47,2.28,86.3
M008,2026-07-06 12:00:00,62.15,2.68,86.57
M008,2026-07-06 18:00:00,65.44,2.13,84.77
M008,2026-07-07 00:00:00,65.36,2.79,83.44
M008,2026-07-07 06:00:00,65.47,2.14,91.62
M008,2026-07-07 12:00:00,63.08,2.55,85.77
M008,2026-07-07 18:00:00,69.12,2.42,83.72
M008,2026-07-08 00:00:00,65.2,2.54,84.79
M008,2026-07-08 06:00:00,61.73,2.2,87.91
M008,2026-07-08 12:00:00,60.43,2.28,88.25
M008,2026-07-08 18:00:00,63.74,3.01,80.03
M008,2026-07-09 00:00:00,62.01,1.67,91.24
M008,2026-07-09 06:00:00,62.05,1.76,83.42
M008,2026-07-09 12:00:00,61.15,2.18,85.38
M008,2026-07-09 18:00:00,65.55,2.31,85.33
M008,2026-07-10 00:00:00,62.79,1.91,79.71
M008,2026-07-10 06:00:00,63.22,2.39,83.93
M008,2026-07-10 12:00:00,60.33,2.42,90.13
M008,2026-07-10 18:00:00,63.72,2.19,85.07
M008,2026-07-11 00:00:00,61.76,2.01,86.59
M008,2026-07-11 06:00:00,65.95,2.32,79.32
M008,2026-07-11 12:00:00,64.67,2.99,84.51
M008,2026-07-11 18:00:00,63.61,2.1,86.68
M008,2026-07-12 00:00:00,62.64,2.67,83.26
M008,2026-07-12 06:00:00,64.67,2.35,89.9
M008,2026-07-12 12:00:00,64.8,2.78,85.56
M008,2026-07-12 18:00:00,63.64,2.36,82.92
M008,2026-07-13 00:00:00,65.06,2.16,85.56
M008,2026-07-13 06:00:00,65.71,2.85,85.71
M008,2026-07-13 12:00:00,65.72,2.59,84.08
M008,2026-07-13 18:00:00,68.21,2.2,85.5
M008,2026-07-14 00:00:00,66.92,2.8,85.26
M008,2026-07-14 06:00:00,65.99,2.31,83.75
M008,2026-07-14 12:00:00,61.59,2.59,87.7
M008,2026-07-14 18:00:00,62.88,2.45,93.17
M008,2026-07-15 00:00:00,66.32,2.11,88.21
M008,2026-07-15 06:00:00,62.23,1.51,85.15
M008,2026-07-15 12:00:00,67.15,2.8,86.34
M008,2026-07-15 18:00:00,62.94,2.52,84.4
M008,2026-07-16 00:00:00,63.01,2.7,83.62
M008,2026-07-16 06:00:00,66.3,2.2,91.38
M008,2026-07-16 12:00:00,60.76,2.09,84.74
M008,2026-07-16 18:00:00,60.07,1.61,79.28
M008,2026-07-17 00:00:00,63.47,2.3,86.19
M008,2026-07-17 06:00:00,63.66,2.47,83.84
M008,2026-07-17 12:00:00,65.49,2.56,84.21
M008,2026-07-17 18:00:00,65.12,2.33,80.63
M008,2026-07-18 00:00:00,65.88,2.11,87.87
M008,2026-07-18 06:00:00,64.72,2.36,79.56
M008,2026-07-18 12:00:00,67.15,2.28,87.09
M008,2026-07-18 18:00:00,63.84,2.31,85.77
M008,2026-07-19 00:00:00,64.14,2.31,85.01
M008,2026-07-19 06:00:00,64.94,2.54,85.31
M008,2026-07-19 12:00:00,65.33,2.26,91.85
M008,2026-07-19 18:00:00,67.06,2.62,79.35
M008,2026-07-20 00:00:00,65.31,2.29,82.24
M008,2026-07-20 06:00:00,63.38,2.13,86.69
M008,2026-07-20 12:00:00,67.33,2.64,93.46
M008,2026-07-20 18:00:00,61.0,2.24,82.34
M008,2026-07-21 00:00:00,66.58,2.33,85.73
M008,2026-07-21 06:00:00,65.38,1.96,83.3
M008,2026-07-21 12:00:00,66.11,2.23,80.02
M008,2026-07-21 18:00:00,62.31,2.31,85.66
M008,2026-07-22 00:00:00,63.99,2.21,87.97
M008,2026-07-22 06:00:00,63.87,2.46,83.47
M008,2026-07-22 12:00:00,67.15,2.28,85.38
M008,2026-07-22 18:00:00,66.2,2.48,85.92
M008,2026-07-23 00:00:00,60.2,2.61,85.32
M008,2026-07-23 06:00:00,65.23,2.46,83.47
M008,2026-07-23 12:00:00,65.94,2.46,81.28
M008,2026-07-23 18:00:00,66.76,1.97,87.85
M008,2026-07-24 00:00:00,67.14,2.07,84.77
M008,2026-07-24 06:00:00,63.73,2.35,90.63
M008,2026-07-24 12:00:00,61.97,2.31,89.65
M008,2026-07-24 18:00:00,63.52,2.12,85.93
M008,2026-07-25 00:00:00,65.79,2.29,86.8
M008,2026-07-25 06:00:00,61.42,2.01,83.81
M008,2026-07-25 12:00:00,65.36,2.64,81.59
M008,2026-07-25 18:00:00,65.63,2.46,82.5
M008,2026-07-26 00:00:00,61.52,2.48,89.0
M008,2026-07-26 06:00:00,64.26,2.13,79.52
M008,2026-07-26 12:00:00,67.25,2.72,86.03
M008,2026-07-26 18:00:00,67.15,2.48,83.53
M008,2026-07-27 00:00:00,65.32,2.16,82.13
M008,2026-07-27 06:00:00,65.75,2.67,81.3
M008,2026-07-27 12:00:00,61.73,2.28,82.99
M008,2026-07-27 18:00:00,65.16,2.43,88.61
M008,2026-07-28 00:00:00,64.86,2.22,79.44
M008,2026-07-28 06:00:00,64.58,1.9,83.14
M008,2026-07-28 12:00:00,62.78,2.26,81.16
M008,2026-07-28 18:00:00,62.77,2.76,88.54
M008,2026-07-29 00:00:00,67.3,2.42,85.92
M008,2026-07-29 06:00:00,66.56,1.98,87.52
M008,2026-07-29 12:00:00,66.84,2.15,89.25
M008,2026-07-29 18:00:00,68.35,2.65,86.89
M008,2026-07-30 00:00:00,62.01,2.74,82.02
M008,2026-07-30 06:00:00,64.99,2.56,75.21
M008,2026-07-30 12:00:00,65.06,3.21,78.82
M008,2026-07-30 18:00:00,64.14,1.84,82.41
M009,2026-06-01 00:00:00,59.33,2.68,93.14
M009,2026-06-01 06:00:00,59.83,2.15,100.05
M009,2026-06-01 12:00:00,61.22,2.13,94.29
M009,2026-06-01 18:00:00,57.85,2.97,94.36
M009,2026-06-02 00:00:00,58.21,2.67,92.92
M009,2026-06-02 06:00:00,57.58,2.57,94.82
M009,2026-06-02 12:00:00,62.44,2.48,94.08
M009,2026-06-02 18:00:00,60.48,2.94,92.83
M009,2026-06-03 00:00:00,61.1,2.64,94.81
M009,2026-06-03 06:00:00,59.47,2.49,93.48
M009,2026-06-03 12:00:00,64.08,2.32,91.02
M009,2026-06-03 18:00:00,60.15,2.43,94.35
M009,2026-06-04 00:00:00,59.25,2.49,94.15
M009,2026-06-04 06:00:00,61.97,2.49,94.07
M009,2026-06-04 12:00:00,61.19,2.72,90.81
M009,2026-06-04 18:00:00,57.66,2.97,95.87
M009,2026-06-05 00:00:00,59.72,2.46,92.58
M009,2026-06-05 06:00:00,60.58,2.17,96.28
M009,2026-06-05 12:00:00,60.51,2.52,91.08
M009,2026-06-05 18:00:00,61.21,2.2,91.68
M009,2026-06-06 00:00:00,60.34,3.21,94.27
M009,2026-06-06 06:00:00,55.02,2.26,95.81
M009,2026-06-06 12:00:00,57.9,2.71,94.23
M009,2026-06-06 18:00:00,62.14,2.29,91.85
M009,2026-06-07 00:00:00,61.29,2.45,93.55
M009,2026-06-07 06:00:00,63.3,2.64,87.79
M009,2026-06-07 12:00:00,61.76,2.67,97.31
M009,2026-06-07 18:00:00,58.28,2.55,94.09
M009,2026-06-08 00:00:00,58.25,2.74,93.03
M009,2026-06-08 06:00:00,62.47,2.23,89.38
M009,2026-06-08 12:00:00,59.68,2.53,92.16
M009,2026-06-08 18:00:00,54.03,2.57,94.9
M009,2026-06-09 00:00:00,61.54,2.34,92.45
M009,2026-06-09 06:00:00,63.04,1.98,93.02
M009,2026-06-09 12:00:00,60.45,2.64,94.27
M009,2026-06-09 18:00:00,58.32,2.81,93.76
M009,2026-06-10 00:00:00,56.83,2.52,95.18
M009,2026-06-10 06:00:00,64.08,2.58,89.31
M009,2026-06-10 12:00:00,57.27,2.83,91.35
M009,2026-06-10 18:00:00,57.06,2.76,92.33
M009,2026-06-11 00:00:00,62.06,2.18,98.18
M009,2026-06-11 06:00:00,61.91,2.24,88.78
M009,2026-06-11 12:00:00,64.77,2.39,91.47
M009,2026-06-11 18:00:00,62.93,2.74,97.31
M009,2026-06-12 00:00:00,59.96,3.02,89.83
M009,2026-06-12 06:00:00,59.06,2.57,97.26
M009,2026-06-12 12:00:00,61.48,2.43,92.33
M009,2026-06-12 18:00:00,62.51,2.69,91.13
M009,2026-06-13 00:00:00,58.35,2.29,91.74
M009,2026-06-13 06:00:00,62.22,2.59,95.43
M009,2026-06-13 12:00:00,60.54,2.53,89.01
M009,2026-06-13 18:00:00,61.75,2.29,93.66
M009,2026-06-14 00:00:00,59.22,2.5,95.48
M009,2026-06-14 06:00:00,58.14,2.53,92.41
M009,2026-06-14 12:00:00,62.8,2.12,90.75
M009,2026-06-14 18:00:00,59.44,2.18,93.09
M009,2026-06-15 00:00:00,59.11,2.48,96.78
M009,2026-06-15 06:00:00,60.3,2.51,90.59
M009,2026-06-15 12:00:00,59.89,2.33,95.8
M009,2026-06-15 18:00:00,58.63,2.2,94.71
M009,2026-06-16 00:00:00,64.12,2.4,94.26
M009,2026-06-16 06:00:00,62.06,2.61,95.31
M009,2026-06-16 12:00:00,59.97,2.43,91.49
M009,2026-06-16 18:00:00,61.13,2.6,95.91
M009,2026-06-17 00:00:00,59.19,2.71,97.16
M009,2026-06-17 06:00:00,57.73,2.37,97.28
M009,2026-06-17 12:00:00,58.86,2.62,93.78
M009,2026-06-17 18:00:00,60.82,2.47,96.0
M009,2026-06-18 00:00:00,58.12,2.18,98.15
M009,2026-06-18 06:00:00,64.36,2.46,98.9
M009,2026-06-18 12:00:00,58.62,2.3,98.13
M009,2026-06-18 18:00:00,61.77,2.94,95.16
M009,2026-06-19 00:00:00,58.14,2.52,97.36
M009,2026-06-19 06:00:00,59.9,2.37,95.21
M009,2026-06-19 12:00:00,59.04,2.55,93.95
M009,2026-06-19 18:00:00,59.18,2.75,95.7
M009,2026-06-20 00:00:00,59.45,2.45,92.94
M009,2026-06-20 06:00:00,58.88,1.95,92.31
M009,2026-06-20 12:00:00,58.91,2.49,95.08
M009,2026-06-20 18:00:00,58.56,2.57,90.89
M009,2026-06-21 00:00:00,59.91,2.28,96.0
M009,2026-06-21 06:00:00,60.39,2.42,91.88
M009,2026-06-21 12:00:00,59.5,3.01,92.25
M009,2026-06-21 18:00:00,61.12,2.42,95.11
M009,2026-06-22 00:00:00,61.84,2.35,95.89
M009,2026-06-22 06:00:00,65.67,2.63,98.6
M009,2026-06-22 12:00:00,61.12,2.18,94.59
M009,2026-06-22 18:00:00,59.5,2.28,93.54
M009,2026-06-23 00:00:00,59.85,2.14,101.88
M009,2026-06-23 06:00:00,61.78,2.53,94.03
M009,2026-06-23 12:00:00,62.57,3.08,95.81
M009,2026-06-23 18:00:00,60.4,2.9,94.19
M009,2026-06-24 00:00:00,61.03,2.76,92.6
M009,2026-06-24 06:00:00,56.01,2.33,96.08
M009,2026-06-24 12:00:00,61.57,2.86,92.57
M009,2026-06-24 18:00:00,63.32,2.51,95.57
M009,2026-06-25 00:00:00,61.97,2.04,90.74
M009,2026-06-25 06:00:00,58.09,2.78,92.84
M009,2026-06-25 12:00:00,64.22,2.46,89.34
M009,2026-06-25 18:00:00,58.82,2.49,95.3
M009,2026-06-26 00:00:00,58.19,2.63,96.26
M009,2026-06-26 06:00:00,58.88,3.05,92.16
M009,2026-06-26 12:00:00,58.16,2.0,97.42
M009,2026-06-26 18:00:00,60.21,2.31,89.34
M009,2026-06-27 00:00:00,59.38,3.17,87.32
M009,2026-06-27 06:00:00,58.9,3.0,97.51
M009,2026-06-27 12:00:00,59.02,2.52,95.15
M009,2026-06-27 18:00:00,60.43,2.99,94.78
M009,2026-06-28 00:00:00,62.43,2.51,87.66
M009,2026-06-28 06:00:00,57.78,2.16,93.01
M009,2026-06-28 12:00:00,64.32,2.57,93.44
M009,2026-06-28 18:00:00,62.64,2.02,92.29
M009,2026-06-29 00:00:00,58.89,2.58,96.45
M009,2026-06-29 06:00:00,61.1,2.6,92.67
M009,2026-06-29 12:00:00,60.8,2.21,95.78
M009,2026-06-29 18:00:00,59.16,2.12,93.87
M009,2026-06-30 00:00:00,56.34,2.9,96.15
M009,2026-06-30 06:00:00,60.84,1.97,91.66
M009,2026-06-30 12:00:00,60.24,2.38,88.69
M009,2026-06-30 18:00:00,57.53,2.37,89.91
M009,2026-07-01 00:00:00,62.9,2.61,91.35
M009,2026-07-01 06:00:00,62.5,2.75,94.63
M009,2026-07-01 12:00:00,60.08,2.37,92.14
M009,2026-07-01 18:00:00,57.49,2.92,92.2
M009,2026-07-02 00:00:00,60.22,2.18,92.98
M009,2026-07-02 06:00:00,65.86,2.24,98.1
M009,2026-07-02 12:00:00,60.11,2.66,97.49
M009,2026-07-02 18:00:00,60.71,2.35,93.2
M009,2026-07-03 00:00:00,59.86,3.02,89.31
M009,2026-07-03 06:00:00,56.62,1.95,91.08
M009,2026-07-03 12:00:00,61.56,2.69,91.94
M009,2026-07-03 18:00:00,60.1,2.12,90.69
M009,2026-07-04 00:00:00,61.32,2.77,92.33
M009,2026-07-04 06:00:00,63.43,2.75,98.53
M009,2026-07-04 12:00:00,59.56,2.91,100.3
M009,2026-07-04 18:00:00,59.34,2.41,90.92
M009,2026-07-05 00:00:00,57.87,2.12,91.32
M009,2026-07-05 06:00:00,60.71,2.23,94.49
M009,2026-07-05 12:00:00,60.69,2.32,93.57
M009,2026-07-05 18:00:00,59.11,2.36,91.33
M009,2026-07-06 00:00:00,60.33,2.28,90.26
M009,2026-07-06 06:00:00,61.35,2.65,97.09
M009,2026-07-06 12:00:00,58.11,2.31,94.45
M009,2026-07-06 18:00:00,59.16,2.63,95.25
M009,2026-07-07 00:00:00,61.12,2.9,95.69
M009,2026-07-07 06:00:00,60.47,2.4,93.39
M009,2026-07-07 12:00:00,58.03,1.93,95.15
M009,2026-07-07 18:00:00,62.61,2.36,98.52
M009,2026-07-08 00:00:00,59.81,1.87,96.51
M009,2026-07-08 06:00:00,59.2,2.76,89.93
M009,2026-07-08 12:00:00,60.99,2.22,94.36
M009,2026-07-08 18:00:00,61.69,2.62,93.97
M009,2026-07-09 00:00:00,57.4,2.68,96.85
M009,2026-07-09 06:00:00,58.08,2.19,96.98
M009,2026-07-09 12:00:00,59.74,2.2,94.58
M009,2026-07-09 18:00:00,58.88,2.51,92.52
M009,2026-07-10 00:00:00,59.51,2.79,86.35
M009,2026-07-10 06:00:00,61.27,2.74,91.89
M009,2026-07-10 12:00:00,62.04,2.17,91.78
M009,2026-07-10 18:00:00,58.61,2.74,88.52
M009,2026-07-11 00:00:00,63.44,2.37,95.6
M009,2026-07-11 06:00:00,61.22,2.5,91.96
M009,2026-07-11 12:00:00,62.65,2.3,91.56
M009,2026-07-11 18:00:00,61.92,2.5,97.83
M009,2026-07-12 00:00:00,60.04,2.26,94.58
M009,2026-07-12 06:00:00,59.27,2.27,96.25
M009,2026-07-12 12:00:00,63.82,2.38,90.83
M009,2026-07-12 18:00:00,59.85,2.61,94.53
M009,2026-07-13 00:00:00,62.55,2.66,90.45
M009,2026-07-13 06:00:00,59.17,2.04,97.19
M009,2026-07-13 12:00:00,56.18,2.07,92.22
M009,2026-07-13 18:00:00,61.29,2.3,92.66
M009,2026-07-14 00:00:00,59.47,2.51,90.1
M009,2026-07-14 06:00:00,58.27,2.96,94.97
M009,2026-07-14 12:00:00,61.68,2.47,93.34
M009,2026-07-14 18:00:00,61.08,2.68,96.3
M009,2026-07-15 00:00:00,59.91,2.74,86.36
M009,2026-07-15 06:00:00,61.95,2.33,95.42
M009,2026-07-15 12:00:00,58.86,2.06,94.78
M009,2026-07-15 18:00:00,57.16,2.34,91.32
M009,2026-07-16 00:00:00,59.81,2.7,92.29
M009,2026-07-16 06:00:00,60.79,2.68,91.94
M009,2026-07-16 12:00:00,58.98,2.87,93.52
M009,2026-07-16 18:00:00,61.18,2.61,90.16
M009,2026-07-17 00:00:00,58.64,2.57,87.56
M009,2026-07-17 06:00:00,59.74,2.2,97.09
M009,2026-07-17 12:00:00,60.85,2.81,93.64
M009,2026-07-17 18:00:00,59.93,2.37,92.25
M009,2026-07-18 00:00:00,65.53,2.7,90.56
M009,2026-07-18 06:00:00,65.44,2.34,94.72
M009,2026-07-18 12:00:00,62.04,2.0,91.28
M009,2026-07-18 18:00:00,63.46,2.39,96.75
M009,2026-07-19 00:00:00,59.25,2.43,99.11
M009,2026-07-19 06:00:00,61.04,2.35,91.71
M009,2026-07-19 12:00:00,58.98,2.83,96.05
M009,2026-07-19 18:00:00,57.86,2.48,93.56
M009,2026-07-20 00:00:00,60.79,2.28,97.05
M009,2026-07-20 06:00:00,60.16,2.57,91.4
M009,2026-07-20 12:00:00,58.69,3.25,99.16
M009,2026-07-20 18:00:00,60.02,2.92,97.4
M009,2026-07-21 00:00:00,58.91,2.24,95.76
M009,2026-07-21 06:00:00,60.68,2.34,95.92
M009,2026-07-21 12:00:00,57.28,2.49,90.04
M009,2026-07-21 18:00:00,57.75,2.25,94.85
M009,2026-07-22 00:00:00,58.81,2.09,95.19
M009,2026-07-22 06:00:00,63.15,2.65,99.16
M009,2026-07-22 12:00:00,62.98,2.31,95.65
M009,2026-07-22 18:00:00,59.98,2.78,93.48
M009,2026-07-23 00:00:00,58.58,2.87,94.71
M009,2026-07-23 06:00:00,58.83,2.31,91.75
M009,2026-07-23 12:00:00,58.16,2.31,94.88
M009,2026-07-23 18:00:00,60.29,2.33,98.24
M009,2026-07-24 00:00:00,56.14,2.55,93.33
M009,2026-07-24 06:00:00,58.22,2.57,93.1
M009,2026-07-24 12:00:00,62.66,2.72,99.48
M009,2026-07-24 18:00:00,59.19,2.88,90.26
M009,2026-07-25 00:00:00,59.94,2.32,95.57
M009,2026-07-25 06:00:00,61.32,2.19,95.73
M009,2026-07-25 12:00:00,59.4,2.21,93.72
M009,2026-07-25 18:00:00,57.21,2.74,93.59
M009,2026-07-26 00:00:00,60.09,2.43,98.7
M009,2026-07-26 06:00:00,63.2,2.86,93.5
M009,2026-07-26 12:00:00,57.93,2.45,94.7
M009,2026-07-26 18:00:00,61.79,2.55,90.68
M009,2026-07-27 00:00:00,59.09,2.27,95.38
M009,2026-07-27 06:00:00,61.29,2.67,94.66
M009,2026-07-27 12:00:00,56.04,1.94,93.34
M009,2026-07-27 18:00:00,60.36,2.83,93.99
M009,2026-07-28 00:00:00,58.21,2.66,93.71
M009,2026-07-28 06:00:00,59.36,1.97,94.01
M009,2026-07-28 12:00:00,60.62,2.16,95.99
M009,2026-07-28 18:00:00,61.47,2.47,93.79
M009,2026-07-29 00:00:00,62.05,2.57,91.65
M009,2026-07-29 06:00:00,59.77,2.62,87.66
M009,2026-07-29 12:00:00,58.3,2.66,97.38
M009,2026-07-29 18:00:00,62.2,2.73,94.15
M009,2026-07-30 00:00:00,58.1,2.4,87.78
M009,2026-07-30 06:00:00,62.76,2.21,92.16
M009,2026-07-30 12:00:00,62.28,1.97,90.19
M009,2026-07-30 18:00:00,60.7,2.61,93.54
M010,2026-06-01 00:00:00,62.42,3.04,95.03
M010,2026-06-01 06:00:00,65.3,2.61,98.3
M010,2026-06-01 12:00:00,65.3,3.13,93.12
M010,2026-06-01 18:00:00,63.18,3.32,94.51
M010,2026-06-02 00:00:00,64.96,3.42,89.7
M010,2026-06-02 06:00:00,62.78,2.74,89.85
M010,2026-06-02 12:00:00,62.43,2.44,97.82
M010,2026-06-02 18:00:00,59.88,3.3,97.32
M010,2026-06-03 00:00:00,61.23,3.04,97.04
M010,2026-06-03 06:00:00,63.26,2.52,96.89
M010,2026-06-03 12:00:00,63.59,2.53,91.22
M010,2026-06-03 18:00:00,61.64,2.58,98.74
M010,2026-06-04 00:00:00,65.06,2.6,94.02
M010,2026-06-04 06:00:00,65.32,2.81,96.01
M010,2026-06-04 12:00:00,61.93,2.7,95.26
M010,2026-06-04 18:00:00,63.16,2.95,97.55
M010,2026-06-05 00:00:00,61.5,2.58,93.19
M010,2026-06-05 06:00:00,66.12,3.41,93.86
M010,2026-06-05 12:00:00,63.01,2.99,93.13
M010,2026-06-05 18:00:00,65.07,2.73,90.02
M010,2026-06-06 00:00:00,60.74,2.63,98.92
M010,2026-06-06 06:00:00,61.56,2.57,95.88
M010,2026-06-06 12:00:00,60.0,2.82,90.62
M010,2026-06-06 18:00:00,64.48,2.49,92.43
M010,2026-06-07 00:00:00,63.89,2.97,96.38
M010,2026-06-07 06:00:00,63.76,2.8,96.4
M010,2026-06-07 12:00:00,64.24,2.62,97.21
M010,2026-06-07 18:00:00,61.75,3.06,97.6
M010,2026-06-08 00:00:00,67.7,2.89,97.98
M010,2026-06-08 06:00:00,60.22,3.02,98.78
M010,2026-06-08 12:00:00,66.35,2.77,94.23
M010,2026-06-08 18:00:00,61.16,2.44,95.17
M010,2026-06-09 00:00:00,59.84,2.5,95.52
M010,2026-06-09 06:00:00,63.48,2.44,91.55
M010,2026-06-09 12:00:00,61.17,2.67,101.64
M010,2026-06-09 18:00:00,65.46,2.8,96.91
M010,2026-06-10 00:00:00,65.37,2.94,94.33
M010,2026-06-10 06:00:00,61.65,2.7,98.26
M010,2026-06-10 12:00:00,62.8,2.4,90.08
M010,2026-06-10 18:00:00,63.1,2.43,93.94
M010,2026-06-11 00:00:00,66.25,2.72,93.0
M010,2026-06-11 06:00:00,63.96,3.31,94.89
M010,2026-06-11 12:00:00,58.63,2.93,96.29
M010,2026-06-11 18:00:00,63.52,2.67,92.83
M010,2026-06-12 00:00:00,66.37,2.18,94.32
M010,2026-06-12 06:00:00,62.68,2.99,98.96
M010,2026-06-12 12:00:00,62.89,2.79,96.09
M010,2026-06-12 18:00:00,65.45,3.04,93.64
M010,2026-06-13 00:00:00,64.22,2.85,94.9
M010,2026-06-13 06:00:00,64.09,2.74,95.73
M010,2026-06-13 12:00:00,60.63,2.46,97.7
M010,2026-06-13 18:00:00,60.92,2.88,95.01
M010,2026-06-14 00:00:00,65.4,2.93,93.89
M010,2026-06-14 06:00:00,62.89,2.14,94.86
M010,2026-06-14 12:00:00,60.8,2.67,93.34
M010,2026-06-14 18:00:00,61.59,3.09,91.42
M010,2026-06-15 00:00:00,61.42,2.53,93.81
M010,2026-06-15 06:00:00,61.59,2.63,96.16
M010,2026-06-15 12:00:00,64.68,2.92,89.53
M010,2026-06-15 18:00:00,64.1,2.87,93.26
M010,2026-06-16 00:00:00,66.68,3.06,94.7
M010,2026-06-16 06:00:00,62.15,3.23,95.19
M010,2026-06-16 12:00:00,63.51,2.76,102.16
M010,2026-06-16 18:00:00,62.91,2.73,92.76
M010,2026-06-17 00:00:00,62.56,2.43,92.82
M010,2026-06-17 06:00:00,59.72,3.0,95.72
M010,2026-06-17 12:00:00,63.82,2.72,95.47
M010,2026-06-17 18:00:00,66.58,2.5,96.09
M010,2026-06-18 00:00:00,63.89,3.08,96.57
M010,2026-06-18 06:00:00,64.32,2.36,92.82
M010,2026-06-18 12:00:00,61.01,1.99,96.44
M010,2026-06-18 18:00:00,62.82,2.85,95.36
M010,2026-06-19 00:00:00,63.82,3.14,95.27
M010,2026-06-19 06:00:00,64.68,2.64,97.73
M010,2026-06-19 12:00:00,60.86,2.18,101.57
M010,2026-06-19 18:00:00,67.01,2.15,95.14
M010,2026-06-20 00:00:00,63.64,2.95,100.47
M010,2026-06-20 06:00:00,61.22,2.43,95.25
M010,2026-06-20 12:00:00,61.41,1.92,94.57
M010,2026-06-20 18:00:00,65.06,2.73,97.12
M010,2026-06-21 00:00:00,64.3,2.43,95.46
M010,2026-06-21 06:00:00,60.29,2.58,95.4
M010,2026-06-21 12:00:00,63.34,2.35,91.98
M010,2026-06-21 18:00:00,63.92,2.98,94.63
M010,2026-06-22 00:00:00,62.83,3.01,92.94
M010,2026-06-22 06:00:00,66.8,2.33,98.4
M010,2026-06-22 12:00:00,64.42,3.46,91.89
M010,2026-06-22 18:00:00,58.67,3.11,90.84
M010,2026-06-23 00:00:00,64.57,3.09,96.39
M010,2026-06-23 06:00:00,63.81,2.85,97.76
M010,2026-06-23 12:00:00,64.52,2.37,100.73
M010,2026-06-23 18:00:00,63.44,2.89,97.38
M010,2026-06-24 00:00:00,65.65,3.05,95.65
M010,2026-06-24 06:00:00,63.48,2.86,98.55
M010,2026-06-24 12:00:00,61.12,2.93,92.59
M010,2026-06-24 18:00:00,67.04,2.84,94.0
M010,2026-06-25 00:00:00,64.2,2.74,94.77
M010,2026-06-25 06:00:00,59.72,2.43,94.83
M010,2026-06-25 12:00:00,59.96,2.56,93.75
M010,2026-06-25 18:00:00,61.78,2.97,92.61
M010,2026-06-26 00:00:00,63.52,2.63,94.9
M010,2026-06-26 06:00:00,66.55,2.79,96.37
M010,2026-06-26 12:00:00,61.81,2.92,97.0
M010,2026-06-26 18:00:00,64.32,2.37,93.5
M010,2026-06-27 00:00:00,66.21,2.53,99.96
M010,2026-06-27 06:00:00,62.25,2.78,94.69
M010,2026-06-27 12:00:00,61.65,2.49,93.14
M010,2026-06-27 18:00:00,63.64,3.0,95.5
M010,2026-06-28 00:00:00,63.27,3.1,95.38
M010,2026-06-28 06:00:00,62.26,2.44,99.06
M010,2026-06-28 12:00:00,62.68,2.56,93.26
M010,2026-06-28 18:00:00,65.77,2.56,98.22
M010,2026-06-29 00:00:00,62.88,2.37,94.25
M010,2026-06-29 06:00:00,63.28,2.7,94.83
M010,2026-06-29 12:00:00,62.7,2.5,95.28
M010,2026-06-29 18:00:00,64.42,2.3,99.15
M010,2026-06-30 00:00:00,55.95,2.76,96.65
M010,2026-06-30 06:00:00,62.13,2.1,94.96
M010,2026-06-30 12:00:00,63.68,2.39,92.76
M010,2026-06-30 18:00:00,65.27,2.77,90.73
M010,2026-07-01 00:00:00,64.24,2.46,92.93
M010,2026-07-01 06:00:00,63.74,2.77,94.04
M010,2026-07-01 12:00:00,62.33,2.66,92.91
M010,2026-07-01 18:00:00,65.52,2.26,94.53
M010,2026-07-02 00:00:00,60.42,3.02,94.52
M010,2026-07-02 06:00:00,61.23,2.94,88.38
M010,2026-07-02 12:00:00,63.9,3.08,95.79
M010,2026-07-02 18:00:00,62.33,2.36,98.5
M010,2026-07-03 00:00:00,65.2,2.54,93.4
M010,2026-07-03 06:00:00,65.71,2.89,89.89
M010,2026-07-03 12:00:00,62.95,2.66,95.99
M010,2026-07-03 18:00:00,63.35,2.58,95.79
M010,2026-07-04 00:00:00,62.45,3.76,95.62
M010,2026-07-04 06:00:00,63.31,3.29,91.16
M010,2026-07-04 12:00:00,63.12,2.45,97.16
M010,2026-07-04 18:00:00,62.35,2.91,96.78
M010,2026-07-05 00:00:00,64.9,2.89,94.58
M010,2026-07-05 06:00:00,60.55,3.04,99.48
M010,2026-07-05 12:00:00,61.47,2.96,91.74
M010,2026-07-05 18:00:00,63.75,2.86,93.97
M010,2026-07-06 00:00:00,63.53,2.99,94.92
M010,2026-07-06 06:00:00,61.99,2.37,94.08
M010,2026-07-06 12:00:00,60.99,2.62,93.86
M010,2026-07-06 18:00:00,64.95,2.76,102.89
M010,2026-07-07 00:00:00,59.31,2.83,93.9
M010,2026-07-07 06:00:00,61.43,2.73,94.94
M010,2026-07-07 12:00:00,65.5,2.76,93.17
M010,2026-07-07 18:00:00,64.01,2.67,91.87
M010,2026-07-08 00:00:00,62.84,2.8,95.47
M010,2026-07-08 06:00:00,64.0,2.58,96.2
M010,2026-07-08 12:00:00,63.58,2.77,95.35
M010,2026-07-08 18:00:00,67.69,3.07,96.14
M010,2026-07-09 00:00:00,61.74,2.65,100.1
M010,2026-07-09 06:00:00,62.22,2.68,94.59
M010,2026-07-09 12:00:00,64.08,2.6,95.78
M010,2026-07-09 18:00:00,62.51,3.13,93.19
M010,2026-07-10 00:00:00,65.3,2.56,92.69
M010,2026-07-10 06:00:00,61.94,2.22,96.57
M010,2026-07-10 12:00:00,61.01,2.63,97.54
M010,2026-07-10 18:00:00,64.8,2.31,96.18
M010,2026-07-11 00:00:00,65.62,2.54,96.79
M010,2026-07-11 06:00:00,61.05,2.85,95.65
M010,2026-07-11 12:00:00,64.66,2.91,91.19
M010,2026-07-11 18:00:00,63.61,3.17,88.7
M010,2026-07-12 00:00:00,65.28,3.22,90.8
M010,2026-07-12 06:00:00,62.0,2.89,92.59
M010,2026-07-12 12:00:00,66.07,3.05,91.1
M010,2026-07-12 18:00:00,61.86,2.97,97.44
M010,2026-07-13 00:00:00,67.78,2.47,99.63
M010,2026-07-13 06:00:00,61.51,2.88,97.93
M010,2026-07-13 12:00:00,57.35,3.01,99.41
M010,2026-07-13 18:00:00,65.53,3.35,98.15
M010,2026-07-14 00:00:00,62.27,3.11,93.47
M010,2026-07-14 06:00:00,63.51,2.98,96.6
M010,2026-07-14 12:00:00,66.04,3.48,91.84
M010,2026-07-14 18:00:00,62.68,2.83,93.86
M010,2026-07-15 00:00:00,63.19,2.97,97.18
M010,2026-07-15 06:00:00,63.84,2.78,94.58
M010,2026-07-15 12:00:00,66.15,3.23,98.31
M010,2026-07-15 18:00:00,61.04,2.66,95.85
M010,2026-07-16 00:00:00,61.46,2.76,95.32
M010,2026-07-16 06:00:00,65.51,2.59,98.74
M010,2026-07-16 12:00:00,61.43,2.49,94.11
M010,2026-07-16 18:00:00,63.44,2.01,96.63
M010,2026-07-17 00:00:00,66.76,2.93,94.62
M010,2026-07-17 06:00:00,61.17,2.19,90.32
M010,2026-07-17 12:00:00,63.08,3.37,87.1
M010,2026-07-17 18:00:00,64.74,2.53,94.24
M010,2026-07-18 00:00:00,61.47,2.32,95.63
M010,2026-07-18 06:00:00,63.87,2.94,90.2
M010,2026-07-18 12:00:00,65.09,3.0,96.52
M010,2026-07-18 18:00:00,62.5,2.83,94.77
M010,2026-07-19 00:00:00,65.28,2.62,95.58
M010,2026-07-19 06:00:00,59.86,2.83,93.0
M010,2026-07-19 12:00:00,64.37,2.97,93.42
M010,2026-07-19 18:00:00,63.4,2.79,96.36
M010,2026-07-20 00:00:00,64.92,2.93,94.11
M010,2026-07-20 06:00:00,66.54,2.96,99.47
M010,2026-07-20 12:00:00,64.03,2.86,94.9
M010,2026-07-20 18:00:00,62.45,3.03,96.05
M010,2026-07-21 00:00:00,63.08,2.43,99.92
M010,2026-07-21 06:00:00,63.57,2.37,95.5
M010,2026-07-21 12:00:00,62.94,2.66,96.98
M010,2026-07-21 18:00:00,62.94,2.64,99.34
M010,2026-07-22 00:00:00,59.86,2.72,98.04
M010,2026-07-22 06:00:00,64.6,3.04,101.32
M010,2026-07-22 12:00:00,66.74,2.39,90.42
M010,2026-07-22 18:00:00,64.0,2.33,89.47
M010,2026-07-23 00:00:00,63.97,2.9,100.38
M010,2026-07-23 06:00:00,64.88,3.31,96.32
M010,2026-07-23 12:00:00,61.07,2.98,99.25
M010,2026-07-23 18:00:00,64.12,3.17,94.88
M010,2026-07-24 00:00:00,64.43,2.68,102.39
M010,2026-07-24 06:00:00,65.02,2.4,100.81
M010,2026-07-24 12:00:00,61.88,2.74,96.66
M010,2026-07-24 18:00:00,64.44,2.88,91.85
M010,2026-07-25 00:00:00,64.32,3.06,98.47
M010,2026-07-25 06:00:00,60.74,2.54,92.12
M010,2026-07-25 12:00:00,64.02,2.27,91.88
M010,2026-07-25 18:00:00,62.01,2.2,95.17
M010,2026-07-26 00:00:00,59.13,2.88,94.06
M010,2026-07-26 06:00:00,62.09,2.6,95.07
M010,2026-07-26 12:00:00,64.53,3.13,98.29
M010,2026-07-26 18:00:00,67.8,2.94,95.67
M010,2026-07-27 00:00:00,62.43,2.61,96.87
M010,2026-07-27 06:00:00,61.34,2.8,95.19
M010,2026-07-27 12:00:00,61.89,2.42,102.83
M010,2026-07-27 18:00:00,60.55,2.71,98.92
M010,2026-07-28 00:00:00,64.4,2.59,91.67
M010,2026-07-28 06:00:00,63.6,1.94,95.76
M010,2026-07-28 12:00:00,63.41,3.06,91.82
M010,2026-07-28 18:00:00,62.69,2.87,95.87
M010,2026-07-29 00:00:00,60.66,2.54,99.45
M010,2026-07-29 06:00:00,63.86,2.24,97.9
M010,2026-07-29 12:00:00,60.14,2.64,96.94
M010,2026-07-29 18:00:00,65.77,2.03,97.39
M010,2026-07-30 00:00:00,65.06,2.57,95.52
M010,2026-07-30 06:00:00,57.24,1.91,98.58
M010,2026-07-30 12:00:00,62.26,2.63,95.96
M010,2026-07-30 18:00:00,62.61,2.6,96.43
M011,2026-06-01 00:00:00,60.77,2.5,82.68
M011,2026-06-01 06:00:00,63.72,2.39,80.9
M011,2026-06-01 12:00:00,58.57,2.44,83.3
M011,2026-06-01 18:00:00,57.8,2.41,86.01
M011,2026-06-02 00:00:00,62.58,2.63,84.38
M011,2026-06-02 06:00:00,60.13,2.3,86.33
M011,2026-06-02 12:00:00,62.94,2.29,76.88
M011,2026-06-02 18:00:00,59.83,2.68,80.54
M011,2026-06-03 00:00:00,61.97,2.95,82.22
M011,2026-06-03 06:00:00,61.78,2.73,79.25
M011,2026-06-03 12:00:00,59.77,2.74,82.61
M011,2026-06-03 18:00:00,61.55,2.53,85.43
M011,2026-06-04 00:00:00,62.21,2.66,86.15
M011,2026-06-04 06:00:00,64.55,3.2,80.75
M011,2026-06-04 12:00:00,66.28,2.2,88.29
M011,2026-06-04 18:00:00,60.07,2.51,82.54
M011,2026-06-05 00:00:00,59.64,2.56,80.02
M011,2026-06-05 06:00:00,58.9,2.52,87.24
M011,2026-06-05 12:00:00,60.86,2.81,79.93
M011,2026-06-05 18:00:00,58.8,2.67,87.74
M011,2026-06-06 00:00:00,61.82,2.79,86.94
M011,2026-06-06 06:00:00,61.33,2.49,83.87
M011,2026-06-06 12:00:00,62.7,2.12,83.34
M011,2026-06-06 18:00:00,61.4,2.3,82.25
M011,2026-06-07 00:00:00,59.1,2.09,82.64
M011,2026-06-07 06:00:00,63.24,2.44,79.56
M011,2026-06-07 12:00:00,59.82,2.71,87.44
M011,2026-06-07 18:00:00,62.97,2.93,79.3
M011,2026-06-08 00:00:00,61.31,2.86,78.23
M011,2026-06-08 06:00:00,60.14,2.83,83.2
M011,2026-06-08 12:00:00,59.53,2.06,86.44
M011,2026-06-08 18:00:00,57.35,2.74,80.83
M011,2026-06-09 00:00:00,63.59,2.24,90.25
M011,2026-06-09 06:00:00,62.3,2.73,80.09
M011,2026-06-09 12:00:00,61.22,2.52,87.8
M011,2026-06-09 18:00:00,62.29,2.72,84.01
M011,2026-06-10 00:00:00,62.78,2.15,88.54
M011,2026-06-10 06:00:00,59.77,2.55,86.99
M011,2026-06-10 12:00:00,65.39,2.8,80.88
M011,2026-06-10 18:00:00,61.78,2.61,83.0
M011,2026-06-11 00:00:00,59.09,2.95,82.78
M011,2026-06-11 06:00:00,60.11,2.42,83.19
M011,2026-06-11 12:00:00,58.75,2.83,83.08
M011,2026-06-11 18:00:00,64.68,2.59,79.12
M011,2026-06-12 00:00:00,59.19,2.46,81.51
M011,2026-06-12 06:00:00,60.45,2.61,80.59
M011,2026-06-12 12:00:00,62.09,2.42,84.26
M011,2026-06-12 18:00:00,60.96,2.95,84.32
M011,2026-06-13 00:00:00,62.0,2.52,77.79
M011,2026-06-13 06:00:00,64.44,2.38,82.62
M011,2026-06-13 12:00:00,62.3,2.52,86.41
M011,2026-06-13 18:00:00,59.17,3.1,84.36
M011,2026-06-14 00:00:00,61.15,2.52,75.68
M011,2026-06-14 06:00:00,59.94,2.48,82.86
M011,2026-06-14 12:00:00,64.16,3.2,83.15
M011,2026-06-14 18:00:00,62.05,2.44,77.19
M011,2026-06-15 00:00:00,60.46,2.53,85.25
M011,2026-06-15 06:00:00,62.71,2.66,80.58
M011,2026-06-15 12:00:00,57.71,2.02,77.33
M011,2026-06-15 18:00:00,61.09,2.89,85.22
M011,2026-06-16 00:00:00,63.29,2.44,85.74
M011,2026-06-16 06:00:00,59.84,2.85,77.28
M011,2026-06-16 12:00:00,59.35,3.09,81.69
M011,2026-06-16 18:00:00,60.34,2.93,85.96
M011,2026-06-17 00:00:00,60.86,2.69,82.7
M011,2026-06-17 06:00:00,56.08,2.19,85.12
M011,2026-06-17 12:00:00,60.07,2.76,83.08
M011,2026-06-17 18:00:00,64.16,2.19,83.47
M011,2026-06-18 00:00:00,61.63,2.37,79.88
M011,2026-06-18 06:00:00,62.22,2.8,82.47
M011,2026-06-18 12:00:00,61.95,2.46,80.98
M011,2026-06-18 18:00:00,60.18,2.45,84.06
M011,2026-06-19 00:00:00,63.2,2.23,79.57
M011,2026-06-19 06:00:00,60.37,2.6,77.21
M011,2026-06-19 12:00:00,60.03,2.2,83.46
M011,2026-06-19 18:00:00,61.73,2.48,79.07
M011,2026-06-20 00:00:00,60.93,2.45,87.15
M011,2026-06-20 06:00:00,63.82,2.41,82.74
M011,2026-06-20 12:00:00,63.71,2.41,77.99
M011,2026-06-20 18:00:00,58.23,3.0,81.67
M011,2026-06-21 00:00:00,62.43,2.46,78.43
M011,2026-06-21 06:00:00,59.69,2.23,84.78
M011,2026-06-21 12:00:00,64.84,2.64,77.68
M011,2026-06-21 18:00:00,62.84,3.01,85.14
M011,2026-06-22 00:00:00,61.82,2.56,82.1
M011,2026-06-22 06:00:00,64.33,2.86,81.06
M011,2026-06-22 12:00:00,61.06,2.49,79.02
M011,2026-06-22 18:00:00,64.59,2.4,83.69
M011,2026-06-23 00:00:00,60.59,2.5,81.86
M011,2026-06-23 06:00:00,63.0,2.56,78.78
M011,2026-06-23 12:00:00,61.95,2.41,86.83
M011,2026-06-23 18:00:00,61.39,2.44,88.12
M011,2026-06-24 00:00:00,63.42,2.38,79.81
M011,2026-06-24 06:00:00,62.89,2.66,84.86
M011,2026-06-24 12:00:00,60.62,2.86,75.47
M011,2026-06-24 18:00:00,61.63,2.46,80.82
M011,2026-06-25 00:00:00,61.77,2.99,78.71
M011,2026-06-25 06:00:00,57.6,2.34,85.24
M011,2026-06-25 12:00:00,58.68,2.48,84.69
M011,2026-06-25 18:00:00,61.85,2.99,76.06
M011,2026-06-26 00:00:00,61.36,3.06,78.77
M011,2026-06-26 06:00:00,64.07,2.59,83.46
M011,2026-06-26 12:00:00,64.53,2.79,80.38
M011,2026-06-26 18:00:00,63.13,2.46,82.97
M011,2026-06-27 00:00:00,59.53,2.67,85.71
M011,2026-06-27 06:00:00,61.43,2.99,91.42
M011,2026-06-27 12:00:00,61.97,2.85,83.57
M011,2026-06-27 18:00:00,62.48,2.9,81.4
M011,2026-06-28 00:00:00,60.74,2.21,81.1
M011,2026-06-28 06:00:00,63.86,2.39,82.86
M011,2026-06-28 12:00:00,61.82,2.48,76.57
M011,2026-06-28 18:00:00,64.79,2.83,90.12
M011,2026-06-29 00:00:00,64.25,3.08,76.86
M011,2026-06-29 06:00:00,58.56,2.69,78.67
M011,2026-06-29 12:00:00,60.73,3.43,85.68
M011,2026-06-29 18:00:00,60.22,1.97,79.05
M011,2026-06-30 00:00:00,61.01,2.59,78.26
M011,2026-06-30 06:00:00,64.38,2.47,84.04
M011,2026-06-30 12:00:00,62.23,2.96,81.38
M011,2026-06-30 18:00:00,60.27,2.5,80.34
M011,2026-07-01 00:00:00,66.28,2.71,82.09
M011,2026-07-01 06:00:00,63.92,2.69,85.44
M011,2026-07-01 12:00:00,61.41,2.55,79.14
M011,2026-07-01 18:00:00,65.85,2.67,78.56
M011,2026-07-02 00:00:00,62.58,2.5,80.9
M011,2026-07-02 06:00:00,62.8,3.15,82.37
M011,2026-07-02 12:00:00,60.76,2.54,84.03
M011,2026-07-02 18:00:00,58.26,2.38,82.7
M011,2026-07-03 00:00:00,58.8,2.61,80.61
M011,2026-07-03 06:00:00,63.97,2.62,85.61
M011,2026-07-03 12:00:00,62.37,3.23,77.89
M011,2026-07-03 18:00:00,65.45,2.58,86.47
M011,2026-07-04 00:00:00,64.61,1.85,83.47
M011,2026-07-04 06:00:00,64.24,3.1,78.5
M011,2026-07-04 12:00:00,63.42,2.76,83.33
M011,2026-07-04 18:00:00,64.24,3.05,80.07
M011,2026-07-05 00:00:00,62.8,2.72,81.3
M011,2026-07-05 06:00:00,61.98,2.77,80.21
M011,2026-07-05 12:00:00,64.04,3.09,79.56
M011,2026-07-05 18:00:00,64.91,2.47,84.71
M011,2026-07-06 00:00:00,64.93,2.69,79.57
M011,2026-07-06 06:00:00,61.12,2.83,87.9
M011,2026-07-06 12:00:00,58.92,2.75,81.74
M011,2026-07-06 18:00:00,61.39,2.69,80.38
M011,2026-07-07 00:00:00,64.82,3.13,82.25
M011,2026-07-07 06:00:00,62.05,2.58,82.26
M011,2026-07-07 12:00:00,66.03,2.69,79.47
M011,2026-07-07 18:00:00,61.54,2.95,79.84
M011,2026-07-08 00:00:00,62.29,2.87,80.05
M011,2026-07-08 06:00:00,58.83,2.41,79.4
M011,2026-07-08 12:00:00,61.9,2.74,84.45
M011,2026-07-08 18:00:00,59.91,2.93,80.86
M011,2026-07-09 00:00:00,58.82,2.74,85.91
M011,2026-07-09 06:00:00,64.16,2.71,85.34
M011,2026-07-09 12:00:00,62.78,3.03,76.97
M011,2026-07-09 18:00:00,59.89,2.95,86.58
M011,2026-07-10 00:00:00,63.26,2.59,79.39
M011,2026-07-10 06:00:00,61.79,3.11,80.92
M011,2026-07-10 12:00:00,64.52,2.94,87.09
M011,2026-07-10 18:00:00,62.82,2.73,85.24
M011,2026-07-11 00:00:00,60.58,2.61,76.89
M011,2026-07-11 06:00:00,59.94,3.32,84.01
M011,2026-07-11 12:00:00,59.71,3.11,79.82
M011,2026-07-11 18:00:00,63.73,2.94,86.92
M011,2026-07-12 00:00:00,61.41,2.53,73.85
M011,2026-07-12 06:00:00,62.24,2.97,84.5
M011,2026-07-12 12:00:00,64.99,2.84,83.43
M011,2026-07-12 18:00:00,62.62,2.97,79.11
M011,2026-07-13 00:00:00,59.69,2.51,82.54
M011,2026-07-13 06:00:00,59.91,2.57,80.1
M011,2026-07-13 12:00:00,64.08,2.96,82.11
M011,2026-07-13 18:00:00,63.41,2.9,80.81
M011,2026-07-14 00:00:00,61.46,3.23,74.42
M011,2026-07-14 06:00:00,61.06,2.7,83.56
M011,2026-07-14 12:00:00,64.81,3.32,81.61
M011,2026-07-14 18:00:00,62.49,2.87,80.29
M011,2026-07-15 00:00:00,60.2,2.74,84.11
M011,2026-07-15 06:00:00,62.09,2.9,76.26
M011,2026-07-15 12:00:00,62.61,2.65,78.04
M011,2026-07-15 18:00:00,63.89,3.33,84.84
M011,2026-07-16 00:00:00,64.71,2.99,83.79
M011,2026-07-16 06:00:00,59.0,2.74,83.38
M011,2026-07-16 12:00:00,63.66,3.16,78.76
M011,2026-07-16 18:00:00,63.82,2.46,81.22
M011,2026-07-17 00:00:00,62.51,3.04,84.07
M011,2026-07-17 06:00:00,62.87,2.14,83.17
M011,2026-07-17 12:00:00,62.1,3.2,85.3
M011,2026-07-17 18:00:00,60.76,2.96,83.65
M011,2026-07-18 00:00:00,63.72,2.91,83.72
M011,2026-07-18 06:00:00,65.66,2.62,79.11
M011,2026-07-18 12:00:00,64.23,2.22,83.79
M011,2026-07-18 18:00:00,63.62,2.09,79.92
M011,2026-07-19 00:00:00,65.84,2.36,82.45
M011,2026-07-19 06:00:00,60.68,2.58,87.56
M011,2026-07-19 12:00:00,62.94,2.95,81.47
M011,2026-07-19 18:00:00,59.66,2.44,85.34
M011,2026-07-20 00:00:00,63.03,2.57,81.73
M011,2026-07-20 06:00:00,64.04,2.94,79.49
M011,2026-07-20 12:00:00,59.57,2.68,85.12
M011,2026-07-20 18:00:00,64.43,2.93,81.28
M011,2026-07-21 00:00:00,61.72,2.76,84.12
M011,2026-07-21 06:00:00,64.77,2.73,89.39
M011,2026-07-21 12:00:00,62.94,2.7,86.21
M011,2026-07-21 18:00:00,58.67,2.95,81.56
M011,2026-07-22 00:00:00,65.68,3.0,82.18
M011,2026-07-22 06:00:00,64.11,2.5,84.67
M011,2026-07-22 12:00:00,60.09,2.92,81.87
M011,2026-07-22 18:00:00,59.26,2.83,82.61
M011,2026-07-23 00:00:00,61.5,2.52,83.23
M011,2026-07-23 06:00:00,63.54,2.89,81.78
M011,2026-07-23 12:00:00,61.68,3.5,80.85
M011,2026-07-23 18:00:00,61.08,2.84,81.21
M011,2026-07-24 00:00:00,62.2,3.39,78.35
M011,2026-07-24 06:00:00,62.92,2.51,80.11
M011,2026-07-24 12:00:00,66.31,2.91,82.54
M011,2026-07-24 18:00:00,60.96,2.7,87.2
M011,2026-07-25 00:00:00,63.87,2.73,83.04
M011,2026-07-25 06:00:00,63.41,2.58,80.61
M011,2026-07-25 12:00:00,67.38,2.95,77.01
M011,2026-07-25 18:00:00,63.89,3.22,79.01
M011,2026-07-26 00:00:00,61.99,3.27,81.81
M011,2026-07-26 06:00:00,62.62,2.44,84.92
M011,2026-07-26 12:00:00,62.52,2.19,76.99
M011,2026-07-26 18:00:00,61.78,2.52,78.96
M011,2026-07-27 00:00:00,67.62,3.06,73.96
M011,2026-07-27 06:00:00,62.3,2.82,77.26
M011,2026-07-27 12:00:00,64.0,2.23,84.98
M011,2026-07-27 18:00:00,65.81,3.55,76.97
M011,2026-07-28 00:00:00,60.22,3.06,85.22
M011,2026-07-28 06:00:00,64.58,3.17,85.81
M011,2026-07-28 12:00:00,63.37,2.79,77.57
M011,2026-07-28 18:00:00,62.37,2.81,78.83
M011,2026-07-29 00:00:00,62.92,2.54,85.0
M011,2026-07-29 06:00:00,63.84,2.72,82.23
M011,2026-07-29 12:00:00,60.78,2.55,79.76
M011,2026-07-29 18:00:00,62.61,2.9,82.1
M011,2026-07-30 00:00:00,60.38,2.84,79.19
M011,2026-07-30 06:00:00,56.2,3.78,79.25
M011,2026-07-30 12:00:00,61.54,2.46,78.47
M011,2026-07-30 18:00:00,62.64,3.27,81.06
M012,2026-06-01 00:00:00,63.37,2.58,86.71
M012,2026-06-01 06:00:00,59.01,2.58,93.57
M012,2026-06-01 12:00:00,58.12,2.37,90.77
M012,2026-06-01 18:00:00,65.53,2.52,96.17
M012,2026-06-02 00:00:00,59.69,2.01,93.43
M012,2026-06-02 06:00:00,58.58,2.76,89.49
M012,2026-06-02 12:00:00,61.48,2.49,86.51
M012,2026-06-02 18:00:00,62.64,2.62,89.13
M012,2026-06-03 00:00:00,62.11,2.69,95.35
M012,2026-06-03 06:00:00,62.75,2.86,87.48
M012,2026-06-03 12:00:00,60.61,2.75,89.68
M012,2026-06-03 18:00:00,65.54,3.01,92.89
M012,2026-06-04 00:00:00,64.92,1.59,91.71
M012,2026-06-04 06:00:00,65.01,2.24,90.4
M012,2026-06-04 12:00:00,61.2,2.93,87.51
M012,2026-06-04 18:00:00,61.69,2.48,97.12
M012,2026-06-05 00:00:00,65.29,3.1,84.94
M012,2026-06-05 06:00:00,60.74,3.02,85.1
M012,2026-06-05 12:00:00,61.94,3.23,87.49
M012,2026-06-05 18:00:00,59.64,2.63,85.04
M012,2026-06-06 00:00:00,65.76,2.35,87.09
M012,2026-06-06 06:00:00,63.34,2.5,91.13
M012,2026-06-06 12:00:00,64.32,2.55,86.89
M012,2026-06-06 18:00:00,64.74,2.41,87.77
M012,2026-06-07 00:00:00,63.57,2.04,91.55
M012,2026-06-07 06:00:00,63.67,2.95,88.87
M012,2026-06-07 12:00:00,65.93,2.78,90.3
M012,2026-06-07 18:00:00,66.91,2.65,88.82
M012,2026-06-08 00:00:00,63.53,2.46,91.5
M012,2026-06-08 06:00:00,65.92,2.61,90.65
M012,2026-06-08 12:00:00,64.88,2.97,89.02
M012,2026-06-08 18:00:00,63.63,2.86,91.37
M012,2026-06-09 00:00:00,59.56,2.91,91.94
M012,2026-06-09 06:00:00,64.47,2.26,90.83
M012,2026-06-09 12:00:00,64.97,2.35,88.51
M012,2026-06-09 18:00:00,65.0,2.42,89.75
M012,2026-06-10 00:00:00,61.21,3.16,91.94
M012,2026-06-10 06:00:00,62.77,2.48,86.69
M012,2026-06-10 12:00:00,63.06,2.82,87.95
M012,2026-06-10 18:00:00,63.49,2.51,94.52
M012,2026-06-11 00:00:00,62.01,2.85,94.56
M012,2026-06-11 06:00:00,62.53,2.44,93.14
M012,2026-06-11 12:00:00,59.72,2.75,85.65
M012,2026-06-11 18:00:00,65.73,2.54,90.1
M012,2026-06-12 00:00:00,61.83,2.14,94.17
M012,2026-06-12 06:00:00,62.94,3.58,87.95
M012,2026-06-12 12:00:00,61.99,2.35,89.85
M012,2026-06-12 18:00:00,66.43,2.92,85.86
M012,2026-06-13 00:00:00,65.69,2.82,91.82
M012,2026-06-13 06:00:00,61.91,2.43,90.79
M012,2026-06-13 12:00:00,62.17,3.01,88.59
M012,2026-06-13 18:00:00,59.39,2.23,86.66
M012,2026-06-14 00:00:00,62.75,2.68,90.54
M012,2026-06-14 06:00:00,64.2,2.54,89.73
M012,2026-06-14 12:00:00,66.78,2.98,91.6
M012,2026-06-14 18:00:00,65.11,2.04,87.91
M012,2026-06-15 00:00:00,62.42,2.37,85.74
M012,2026-06-15 06:00:00,64.12,3.03,90.34
M012,2026-06-15 12:00:00,64.58,2.6,89.05
M012,2026-06-15 18:00:00,65.12,2.19,84.79
M012,2026-06-16 00:00:00,60.4,2.87,90.64
M012,2026-06-16 06:00:00,64.03,3.12,86.89
M012,2026-06-16 12:00:00,65.69,2.5,88.73
M012,2026-06-16 18:00:00,63.44,2.69,89.74
M012,2026-06-17 00:00:00,64.5,2.64,89.78
M012,2026-06-17 06:00:00,62.45,2.69,86.31
M012,2026-06-17 12:00:00,61.13,2.51,92.01
M012,2026-06-17 18:00:00,67.57,2.57,85.05
M012,2026-06-18 00:00:00,61.7,2.82,87.47
M012,2026-06-18 06:00:00,60.67,2.81,91.77
M012,2026-06-18 12:00:00,60.34,2.35,94.11
M012,2026-06-18 18:00:00,64.99,2.26,84.41
M012,2026-06-19 00:00:00,63.82,2.53,90.92
M012,2026-06-19 06:00:00,64.55,2.33,89.08
M012,2026-06-19 12:00:00,61.48,2.36,92.07
M012,2026-06-19 18:00:00,63.57,2.15,92.55
M012,2026-06-20 00:00:00,62.58,2.85,87.33
M012,2026-06-20 06:00:00,61.43,2.69,87.09
M012,2026-06-20 12:00:00,62.73,2.25,89.2
M012,2026-06-20 18:00:00,63.22,2.62,89.28
M012,2026-06-21 00:00:00,63.95,2.66,90.11
M012,2026-06-21 06:00:00,62.03,2.94,91.54
M012,2026-06-21 12:00:00,61.21,2.81,93.0
M012,2026-06-21 18:00:00,63.12,2.61,84.2
M012,2026-06-22 00:00:00,61.59,2.87,88.03
M012,2026-06-22 06:00:00,62.96,2.36,91.07
M012,2026-06-22 12:00:00,64.07,2.74,86.96
M012,2026-06-22 18:00:00,63.49,3.09,92.62
M012,2026-06-23 00:00:00,63.47,2.04,89.63
M012,2026-06-23 06:00:00,66.57,3.01,91.76
M012,2026-06-23 12:00:00,61.84,2.63,92.7
M012,2026-06-23 18:00:00,65.16,2.71,92.94
M012,2026-06-24 00:00:00,63.16,2.59,89.0
M012,2026-06-24 06:00:00,64.13,2.92,92.5
M012,2026-06-24 12:00:00,60.84,2.27,93.69
M012,2026-06-24 18:00:00,63.63,2.68,90.96
M012,2026-06-25 00:00:00,66.78,2.48,93.73
M012,2026-06-25 06:00:00,63.75,2.14,87.9
M012,2026-06-25 12:00:00,62.07,2.95,94.06
M012,2026-06-25 18:00:00,63.99,2.46,87.64
M012,2026-06-26 00:00:00,65.56,2.23,90.06
M012,2026-06-26 06:00:00,68.01,2.46,86.56
M012,2026-06-26 12:00:00,59.75,3.34,91.42
M012,2026-06-26 18:00:00,61.54,2.56,88.39
M012,2026-06-27 00:00:00,59.55,2.85,90.48
M012,2026-06-27 06:00:00,64.69,2.62,90.77
M012,2026-06-27 12:00:00,58.81,2.89,87.11
M012,2026-06-27 18:00:00,61.62,2.46,84.2
M012,2026-06-28 00:00:00,62.12,2.42,89.24
M012,2026-06-28 06:00:00,59.88,2.9,91.57
M012,2026-06-28 12:00:00,61.55,2.44,92.89
M012,2026-06-28 18:00:00,62.77,2.25,90.13
M012,2026-06-29 00:00:00,61.1,2.4,90.22
M012,2026-06-29 06:00:00,65.39,3.22,94.46
M012,2026-06-29 12:00:00,63.14,3.29,92.05
M012,2026-06-29 18:00:00,61.32,2.65,88.41
M012,2026-06-30 00:00:00,60.78,2.27,89.93
M012,2026-06-30 06:00:00,64.79,2.94,86.64
M012,2026-06-30 12:00:00,62.67,2.76,90.83
M012,2026-06-30 18:00:00,64.67,2.49,94.19
M012,2026-07-01 00:00:00,63.27,2.84,89.23
M012,2026-07-01 06:00:00,63.4,2.14,87.87
M012,2026-07-01 12:00:00,62.87,2.65,98.42
M012,2026-07-01 18:00:00,62.52,2.2,95.48
M012,2026-07-02 00:00:00,65.44,2.27,91.77
M012,2026-07-02 06:00:00,64.95,2.67,91.35
M012,2026-07-02 12:00:00,62.02,2.77,88.9
M012,2026-07-02 18:00:00,57.99,2.68,85.35
M012,2026-07-03 00:00:00,65.31,2.28,83.02
M012,2026-07-03 06:00:00,59.74,2.6,90.94
M012,2026-07-03 12:00:00,60.46,2.3,90.35
M012,2026-07-03 18:00:00,65.23,2.25,91.51
M012,2026-07-04 00:00:00,59.8,2.71,92.64
M012,2026-07-04 06:00:00,64.33,2.92,93.16
M012,2026-07-04 12:00:00,66.97,2.65,95.93
M012,2026-07-04 18:00:00,61.39,2.56,90.03
M012,2026-07-05 00:00:00,61.2,1.91,92.98
M012,2026-07-05 06:00:00,61.42,2.5,95.13
M012,2026-07-05 12:00:00,64.42,3.14,90.74
M012,2026-07-05 18:00:00,64.39,2.55,87.83
M012,2026-07-06 00:00:00,64.38,2.49,92.31
M012,2026-07-06 06:00:00,62.14,2.56,90.09
M012,2026-07-06 12:00:00,65.43,2.49,93.94
M012,2026-07-06 18:00:00,61.47,2.7,88.31
M012,2026-07-07 00:00:00,65.51,2.37,88.23
M012,2026-07-07 06:00:00,60.77,2.65,92.15
M012,2026-07-07 12:00:00,64.25,2.57,88.39
M012,2026-07-07 18:00:00,62.72,2.55,91.13
M012,2026-07-08 00:00:00,63.65,3.14,90.5
M012,2026-07-08 06:00:00,64.0,2.64,89.4
M012,2026-07-08 12:00:00,63.99,2.49,90.2
M012,2026-07-08 18:00:00,65.6,2.47,91.54
M012,2026-07-09 00:00:00,58.32,2.56,88.9
M012,2026-07-09 06:00:00,63.52,2.55,90.8
M012,2026-07-09 12:00:00,62.52,2.73,85.23
M012,2026-07-09 18:00:00,63.5,2.34,93.88
M012,2026-07-10 00:00:00,61.37,2.92,90.34
M012,2026-07-10 06:00:00,59.62,2.35,92.92
M012,2026-07-10 12:00:00,64.86,2.23,95.06
M012,2026-07-10 18:00:00,63.23,2.88,86.74
M012,2026-07-11 00:00:00,62.37,2.74,89.44
M012,2026-07-11 06:00:00,57.44,2.56,84.48
M012,2026-07-11 12:00:00,61.14,2.2,93.77
M012,2026-07-11 18:00:00,66.17,2.72,89.69
M012,2026-07-12 00:00:00,63.34,2.96,84.43
M012,2026-07-12 06:00:00,61.13,2.92,94.01
M012,2026-07-12 12:00:00,64.46,2.3,93.34
M012,2026-07-12 18:00:00,66.0,2.83,82.89
M012,2026-07-13 00:00:00,63.53,2.79,88.83
M012,2026-07-13 06:00:00,63.65,2.46,87.79
M012,2026-07-13 12:00:00,66.3,2.68,87.06
M012,2026-07-13 18:00:00,60.53,2.36,87.81
M012,2026-07-14 00:00:00,63.57,2.76,91.83
M012,2026-07-14 06:00:00,61.78,2.89,94.06
M012,2026-07-14 12:00:00,62.76,2.31,90.68
M012,2026-07-14 18:00:00,67.6,2.3,88.8
M012,2026-07-15 00:00:00,63.4,2.78,84.42
M012,2026-07-15 06:00:00,65.89,3.01,89.1
M012,2026-07-15 12:00:00,68.69,2.99,93.9
M012,2026-07-15 18:00:00,65.66,2.96,90.31
M012,2026-07-16 00:00:00,63.04,2.33,88.64
M012,2026-07-16 06:00:00,62.66,2.64,95.17
M012,2026-07-16 12:00:00,59.08,3.02,87.34
M012,2026-07-16 18:00:00,63.07,2.4,95.94
M012,2026-07-17 00:00:00,62.28,2.77,92.1
M012,2026-07-17 06:00:00,60.96,2.59,93.99
M012,2026-07-17 12:00:00,61.53,2.87,89.38
M012,2026-07-17 18:00:00,65.61,3.14,84.35
M012,2026-07-18 00:00:00,60.6,2.49,94.77
M012,2026-07-18 06:00:00,64.35,2.24,92.41
M012,2026-07-18 12:00:00,61.45,2.88,91.99
M012,2026-07-18 18:00:00,61.44,2.6,94.05
M012,2026-07-19 00:00:00,59.5,2.71,87.06
M012,2026-07-19 06:00:00,63.25,2.75,96.42
M012,2026-07-19 12:00:00,63.23,3.06,87.85
M012,2026-07-19 18:00:00,62.29,2.79,90.98
M012,2026-07-20 00:00:00,62.62,2.51,94.38
M012,2026-07-20 06:00:00,62.7,2.31,87.81
M012,2026-07-20 12:00:00,64.62,3.29,88.8
M012,2026-07-20 18:00:00,67.58,2.61,89.54
M012,2026-07-21 00:00:00,61.46,2.56,88.11
M012,2026-07-21 06:00:00,61.61,2.12,95.67
M012,2026-07-21 12:00:00,65.41,2.7,89.94
M012,2026-07-21 18:00:00,63.27,2.38,86.97
M012,2026-07-22 00:00:00,64.72,2.54,91.35
M012,2026-07-22 06:00:00,59.96,2.52,86.92
M012,2026-07-22 12:00:00,64.25,2.92,94.76
M012,2026-07-22 18:00:00,62.02,2.28,89.12
M012,2026-07-23 00:00:00,61.88,2.75,86.17
M012,2026-07-23 06:00:00,59.77,2.51,92.56
M012,2026-07-23 12:00:00,61.23,2.87,91.47
M012,2026-07-23 18:00:00,66.37,2.38,85.56
M012,2026-07-24 00:00:00,64.48,2.7,90.98
M012,2026-07-24 06:00:00,61.18,2.85,88.48
M012,2026-07-24 12:00:00,63.68,2.48,91.44
M012,2026-07-24 18:00:00,60.89,2.77,92.35
M012,2026-07-25 00:00:00,63.51,3.11,91.0
M012,2026-07-25 06:00:00,65.12,2.65,92.86
M012,2026-07-25 12:00:00,60.21,2.63,87.0
M012,2026-07-25 18:00:00,63.56,2.73,92.8
M012,2026-07-26 00:00:00,64.26,2.52,88.12
M012,2026-07-26 06:00:00,58.6,2.64,93.79
M012,2026-07-26 12:00:00,63.5,2.59,90.81
M012,2026-07-26 18:00:00,62.51,2.68,89.16
M012,2026-07-27 00:00:00,61.48,2.59,90.08
M012,2026-07-27 06:00:00,67.03,2.38,89.9
M012,2026-07-27 12:00:00,62.77,2.48,91.92
M012,2026-07-27 18:00:00,67.76,2.52,91.92
M012,2026-07-28 00:00:00,59.46,2.5,95.04
M012,2026-07-28 06:00:00,63.17,2.77,88.51
M012,2026-07-28 12:00:00,63.8,3.11,86.9
M012,2026-07-28 18:00:00,67.65,2.15,88.92
M012,2026-07-29 00:00:00,61.61,2.54,87.83
M012,2026-07-29 06:00:00,61.43,2.26,92.31
M012,2026-07-29 12:00:00,62.8,2.47,91.22
M012,2026-07-29 18:00:00,60.29,2.71,90.09
M012,2026-07-30 00:00:00,63.15,2.77,95.31
M012,2026-07-30 06:00:00,63.93,2.56,86.83
M012,2026-07-30 12:00:00,58.5,2.66,86.6
M012,2026-07-30 18:00:00,58.2,2.51,91.09
